Q0	كم نقطة تخلى عنها دفاع البانثرز؟
Q1	كم عدد الاستحواذات التي قام بها جاريد ألين في مسيرته؟
Q2	كم عرقلة سجل لوك كوتشلي؟
Q3	كم من كرة اعترض جوش نورمان؟
Q4	من سجل أعلى عدد من الاستحواذات للفريق هذا الموسم؟
Q5	كم عدد الاعتراضات التي سُجلت لصالح دفاع البانثرز في 2015؟
Q6	من تصدر البانثرز في الاستحواذات؟
Q7	كم عدد لاعبي دفاع فريق البانثرز الذين اختيروا في البرو بول؟
Q8	كم عدد الأخطاء التي أجبر توماس ديفيس الخصم على ارتكابها؟
Q9	من هو اللاعب الذي حاز على أكثر الاعتراضات في الموسم؟
Q10	كم عدد اعتراضات موسم 2015 التي حصل عليها دفاع البانثرز؟
Q11	من كان لديه خمسة استحواذات في تسع مباريات كأساسي في فريق كارولينا بانثرز؟
Q12	من كان المتصدر في عدد العرقلات في فريق البانثرز في 2015؟
Q13	كم عدد الاعتراضات التي سجل بها جوش نورمان أهدافاً في عام 2015؟
Q14	من الذي خسر أمام البرونكوس في الجولة الفاصلة؟
Q15	كم عدد النقاط التي سجلها البرونكوس في الدقائق الثلاث الأخيرة من المباراة ضد بيتسبرغ؟
Q16	من فاز بالسوبر بول 49؟
Q17	ماذا كنت النتيجة النهائية لمباراة بطولة رابطة كرة القدم الأمريكية؟
Q18	كم من الوقت كان متبقياً عندما اعترض البرونكوس الاعتراض الذي منحهم الفوز في مباراة بطولة رابطة كرة القدم الأمريكية؟
Q19	من هو الفريق الفائز في الجولة الفاصلة بين البرونكوس و الستيلرز؟
Q20	ما هي النتيجة النهائية للمباراة بين البرونكوس و الستيلرز؟
Q21	من فاز بالسوبر بول 49؟
Q22	كم عدد الثواني التي كانت متبقية في المباراة عندما اعترض البرونكوس التمريرة التي منحتهم الفوز في المباراة؟
Q23	خلال مباراة البرونكوس الفاصلة، من لم يرمي على الإطلاق؟
Q24	من الذي فاز عليه البرونكوس في المباراة الفاصلة؟
Q25	كم عدد النقاط التي سجلها البرونكوس في الدقائق الثلاث الأخيرة من مباراة بيتسبرغ؟
Q26	من الذين هزمهم البرونكوس في مباراة بطولة رابطة كرة القدم الأمريكية؟
Q27	من الذين هزمهم البرونكوس ليفوزوا بمباراتهم الفاصلة في عام 2015؟
Q28	من الذين هزمهم البرونكوس ليصبحوا أ[طال رابطة كرة القدم الأمريكية؟
Q29	كم كان عدد الثواني المتبقية في المباراة عندما فشل الباتريوتس في محاولتهم تحويل نقطتين؟
Q30	كم كان عمر بايتون مانينغ عندما لعب في سوبر بول 50؟
Q31	من الذي سبق له أن حمل الرقم القياسي لكونه أسن ظهير رباعي يلعب في سوبر بول؟
Q32	كم كان عمر جون إلواي عندما لعب في السوبر بول 33؟
Q33	ما هو الدور الذي يلعبه جون إلواي حاليًا في فريق البرونكوس؟
Q34	ما هو الفريق الذي لعب له جون إلواي في السوبر بول 33؟
Q35	ما الفريق الذي فاز في السوبر بول 33؟
Q36	من هو المدير العام للبرونكوس؟
Q37	كم كان عمر إلواي أثناء فوزه بـالسوبر بول 33؟
Q38	من لديه الرقم القياسي بكونه أسن ظهير رباعي في أي مباراة سوبر بولl؟
Q39	كم عدد الفرق التي لعب لها مانينغ والتي وصلت إلى السوبر بول، بينما كان في صفوفها؟
Q40	كم عدد الفرق المختلفة التي قادها بايتون مانينغ إلى السوبر بول؟
Q41	من هو الظهير الرباعي الأكبر سناً الذي لعب في مباراة سوبر بول؟
Q42	قبل مانينغ، من هو أسن ظهير رباعي لعب في السوبر بول؟
Q43	أي سوبر بول فاز بها إلواي في سن 38؟
Q44	من كان أول ظهير رباعي يقود فريقين إلى أكثر من سوبر بول واحدة؟
Q45	كم كان عمر مانينغ عندما لعب في سوبر بول 50؟
Q46	ما هو اسم الظهير الرباعي الذي كان سنه 8 سنة في السوبر بول 33؟
Q47	كم عدد جوائز الغرامي التي فازت ليدي غاغا بها؟
Q48	ماذا غنت ليدي غاغا؟
Q49	ما هي الجائزة التي فازت بها مارلي ماتلين؟
Q50	ماذا ترجمت مارلي ماتلين؟
Q51	إلى أي لغة ترجمت مارلي ماتلين النشيد الوطني؟
Q52	من غنى النشيد الوطني؟
Q53	ما هي الممثلة التي قامت بترجمة ASL للمباراة؟
Q54	من أدى النشيد الوطني في سوبر بول 50؟
Q55	من هي الممثلة التي أدت لغة الإشارة للنشيد الوطني في سوبر بول 50؟
Q56	من أدى نشيد سوبر بول 50 الوطني؟
Q57	كم عدد جوائز غرامي التي يقول النص أن ليدي غاغا قد فازت بها؟
Q58	من أدى لغة الإشارة للنشيد الوطني في سوبر بول 50؟
Q59	على أي خط ياردة بدأ كارولينا مع تبقي 4:51 من المباراة؟
Q60	من أجبر على ارتكاب خطأ في الثالث و9؟
Q61	أي من مدافعي البانثرز تم انتقاده لامتناعه عن تسجيل الثالث؟
Q62	أي لاعب لكم الكرة إلى الداخل من الثاني؟
Q63	من كان المستقبل في تحويل النقطتين الناجح؟
Q64	من جرد الكرة من نيوتن على الثالث وتسعة؟
Q65	من استرجع الكرة المجردة؟
Q66	من هو اللاعب الذي تم انتقاده لعدم ارتمائه على الكومة لاسترداد الكرة؟
Q67	أي لاعبي البانثرز حصل على ضربة جزاء، مما أعطى فريق البرونكوس مجموعة جديدة من الأهداف؟
Q68	كم من الوقت كان متبقيا في المباراة عندما رفع دنفر النتيجة إلى 24-10؟
Q69	ماذا كان يشير الوقت على الساعة عندما حصل كارولينا على الكرة داخل خط 24 ياردة الخاص بهم في الربع الرابع؟
Q70	ما هو لقب اللاعب الذي جرد نيوتن من الكرة في أواخر الربع الرابع؟
Q71	ما هو لقب اللاعب الذي استعاد أخيراً الكرة التي خسرها نيوتن في الربع الرابع؟
Q72	لكم عدد من اللعبات تم ابقاء دنفر خارج منطقة النهاية بعد الحصول على الكرة من نيوتن؟
Q73	ما هو لقب اللاعب الذي سجل هدف 2 ياردة في الربع الرابع؟
Q74	ما هي الحديقة الساكسونية بالبولندية؟
Q75	أين كان يقع المسرح الصيفي؟
Q76	كم دام اشتغال المسرح الصيفي؟
Q77	ما هو ملهى وارسو الأدبي الأول؟
Q78	ما هو المسرح الذي كان أفضل مثال على "المسرح البولوني الأثري"؟
Q79	من فاز ببطولة اكستراكلازا في 2000؟
Q80	متى فاز فريق بولونيا وارسو ببطولة البلاد قبل عام 2000؟
Q81	كم مرة فاز بولونيا بالكأس؟
Q82	أين يقع ملعب الاستقبال الخاص ببولونيا؟
Q83	لماذا هبط بولونيا من دوري الدرجة الأولى في البلاد في عام 2013؟
Q84	ما نوع المدينة التي كانت وارسو طوال تاريخها كمدينة؟
Q85	كم كان عدد سكان وارسو في 1901؟
Q86	من بين سكان وارسو في عام 1901، كم كانت النسبة المئوية للكاثوليك؟
Q87	كم كانت النسبة المئوية لسكان وارسو من البروتستانت في عام 1901؟
Q88	متى تم تدمير معظم أماكن العبادة الدينية في وارسو؟
Q89	ما هي الوحدة الأساسية للتقسيم الإقليمي في بولندا؟
Q90	ما هو المستوى الثاني من التقسيم الإقليمي في بولندا؟
Q91	في أي الدوائر تكون أرقام تسجيل للسيارات من نفس النمط؟
Q92	متى تم تأسيس أول بورصة في وارسو؟
Q93	ما الذي أدى إلى توقف بورصة وارسو؟
Q94	متى تم إحياء بورصة وارسو؟
Q95	كم عدد الشركات المدرجة في بورصة WSE في أغسطس 2009؟
Q96	لمن كان ينتمي سابقاً مقر WSE في عام 2000؟
Q97	من عند وصوله أعطى المستوطنين الفايكينغ الأصليين هوية مشتركة؟
Q98	ما كان اسم الزعيم الذي منحه هنري الثالث مرتبة النبلاء؟
Q99	من كان كونت ميلفي؟
Q100	من كان العدو الرئيسي للنورمان في إيطاليا والإمبراطورية البيزنطية وأرمينيا؟
Q101	ما هو اسم القلعة النورمانية؟
Q102	من كان القائد عندما دخل الفرنجة وادي الفرات؟
Q103	من الذي انضم إليه النورمان في الأناضول؟
Q104	ما هي القارة التي تقع جزر الكناري قبالة ساحلها؟
Q105	في أي سنة توفي تسلا؟
Q106	ما الذي تم تسميته بتسلا على شرفه؟
Q107	أين عاش تسلا أغلب حياته؟
Q108	ماذا كانت سمعة تسلا في الثقافة الشعبية؟
Q109	كيف موّل تسلا عمله؟
Q110	في أي سنة توفي تسلا؟
Q111	ماذا سمى المؤتمر العام للأوزان والمقاييس على شرف تسلا عام 1960؟
Q112	متى بدأ الناس من جديد في إظهار الإهتمام بتسلا؟
Q113	بخلاف انجازاته العلمية ما الذي اشتهر به تسلا؟
Q114	مع من أقام تسلا شراكة في 1886؟
Q115	ما الذي قام لين وفايل بتمويله؟
Q116	ما الذي قامت به تسلا للإنارة الكهربائية والتصنيع؟
Q117	ماذا تلقى تسلا لأول مرة بعد بدء شركته؟
Q118	ما الذي تم إنتاجه في شركة تسلا؟
Q119	ماذا كان اسما شريكي تسلا الجديدين؟
Q120	متى تشكلت الشراكة بين تسلا ولين وفايل؟
Q121	ما هو اسم الشركة التي مولها رجلا الأعمال؟
Q122	ما الذي قامت به تسلا للإنارة الكهربائية والتصنيع؟
Q123	من صمم أنظمة الإضاءة التي ركبتها تسلا للإنارة الكهربائية والتصنيع؟
Q124	متى حقق تسلا براءة اختراع جهاز الإرسال الكهربائي؟
Q125	من الذي أرسل موجات الراديو لأول مرة عبر المحيط الأطلسي؟
Q126	متى كانت تجربة ماركوني الإذاعية؟
Q127	متى تم اعادة براءات اختراع تسلا؟
Q128	أي كيان اتخذ قرار اعادة براءات الاختراع لتسلا؟
Q129	كم كان عدد الترشيحات المحتملة للجائزة في 1915؟
Q130	من تلقى ترشيحاً في 1915؟
Q131	في أي سنة تلقى تسلا ترشيحاً لنيل جائزة نوبل؟
Q132	أي مقال نُشر في 1937؟
Q133	بسبب بعض التصريحات ما هي الحالة المعتقَدة لآرائه الدينية؟
Q134	في عنوان المقال، ماذا كانت الآلة تأمل أن تُنهي؟
Q135	ما هو فرع علم الحاسوب النظري الذي يتعامل مع تصنيف المسائل الحاسوبية على نطاق واسع حسب صعوبة وصنف العلاقة؟
Q136	ما السمة الرئيسية التي تصنف حسبها المسائل الحاسوبية باستخدام نظرية التعقيد الحاسوبي؟
Q137	ما هو المصطلح الخاص بالمهمة التي تقبل الحل عن طريق الحاسوب؟
Q138	في مسألة حاسوبية، ما الذي يمكن وصفه بسلسلة فوق أبجدية؟
Q139	ما هو اسم الأبجدية الأكثر استخداماً في حالة مسألة؟
Q140	ما هو المصطلح الآخر لسلسلة حالة مسألة؟
Q141	في تشفير العناصر الرياضية، ما هي الطريقة التي يتم بها التعبير عن الأعداد الصحيحة بشكل شائع؟
Q142	ما هي إحدى الطرق التي يمكن بها تشفير الرسوم البيانية؟
Q143	كيف يمكن عادة إعادة صياغة مسائل الدوال؟
Q144	إذا تم ضرب عددين صحيحين وإخراج قيمة، فماذا تسمى مجموعة التعبير هذه؟
Q145	بماذا يتم التعبير عن الزمن اللازم لإخراج إجابة على آلة تورينغ الحتمية؟
Q146	تصنف نظرية التعقيد المسائل بناء على أي سمة أساسية؟
Q147	ما هو التعبير المستخدم لتحديد أي سلسلة معينة من المسائل التي يمكن حلها خلال الزمن على آلة تورينغ الحتمية؟
Q148	ما هو المورد الأكثر أهمية الذي يتم القياس إليه في تقييم تحديد قدرة آلة تورينغ على حل أي مجموعة من المسائل؟
Q149	ما هو الافتراض غير المثبت الذي يُعزى عموماً إلى قيمة أصناف التعقيد؟
Q150	ما هو التعبير الذي يمكن استخدامه لتوضيح عدم التساوي المشتبه به لأصناف التعقيد؟
Q151	أين يمكن تحديد أصناف التعقيد RP و BPP و PP و BQP و MA و PH؟
Q152	أي الدليل بين وضمن أصناف التعقيد من شأنه أن يدل على نقطة تحول نظرية لنظرية التعقيد؟
Q153	ما نسبة شيوع أسلوب العقاب البدني في الماضي؟
Q154	أين تم التخلي عن ممارسة العقاب البدني؟
Q155	ما الدولة الغربية التي لا يزال يًسمَح فيها بممارسة العقاب البدني؟
Q156	أي طرف أمريكي قال بدستورية العقاب البدني؟
Q157	مالذي يسببه العقاب البدني للتلميذ؟
Q158	ما هي المجموعة التي يمكن للمدرّسين في ويلز أن يسجلوا فيها؟
Q159	ما الذي يجري لمتوسط عمر المدرّسين في ويلز؟
Q160	متى بلغت التهجّمات على المدرّسين ذروتها؟
Q161	ما الجمعية الوطنية للمعلمين واتحاد المدرّسات؟
Q162	ما الذي تسببه التهجّمات على المدرّسين؟
Q163	من الذي يضبط شروط المدرّسين بالولايات المتحدة؟
Q164	ما أطول مدة تكون فيها شهادة التدريس فعّالةً؟
Q165	ما الدرجة الأدنى التي على مدرّس بمدرسة عمومية أن يكون حاملا لها؟
Q166	ما المدارس التي لا تتطلب أن مصادقةً على مدرّسيها؟
Q167	ما الذي قد تتطلبه مدرسةٌ خاصَّةٌ حتى يطابقَ مدرّسوها معايير التأهيل؟
Q168	ما هو اسم المعلم الروحي في الهندوسية؟
Q169	هل أن التركيز على التعليم الروحي الخاص في الهندوسية عال أم قليل؟
Q170	من الذي يتحكم فيهم معلّمو الغورو؟
Q171	ما المناطق التي يكون فيها التعليم الروحي الخاص ذا أهمّية كبرى؟
Q172	ما هو اسم معلّم الشريعة البوذية التبتية؟
Q173	ما الذي صمّم الراهب اللامي على القيام به؟
Q174	ما هو اسم قاطع عهد البوذيساتفا؟
Q175	على كم مرة اتّفق الراهب اللامي أن يولد من جديد؟
Q176	ما الذي ساعد الراهب اللامي على التصميم على الولادة من جديد؟
Q177	متى انتشرت كتابات لوثر في فرنسا وإنجلترا وإيطاليا؟
Q178	من الذين ذهبوا إلى ويتمبيرغ لسماع حطابات لوثر؟
Q179	أي جز من حياة لوثر المهنية كان من أكثرها تصنيفاً؟
Q180	متى تم نشر بعض أفضل أعمال لوثر؟
Q181	ما الكتاب الذي صنّفه لوثر سنة 1520 إلى جانب نشر كتبه إلى طبقة نبلاء مسيحيي الأمة الألمانية، وفي الأسر البابلي للكنيسة؟
Q182	متى وسّع لوثر من تهجّمه حتى شمل لب العقائد الكنسية؟
Q183	كيف وصف لوثر المجموعة المنظور إليها على أنها قربان؟
Q184	ماذا سمّى لوثر المجموعة عوضاً عن قربان؟
Q185	ما الذي دعا إليه لوثر بعد رفضه لفكرة الاعتراف الإجباري؟
Q186	بماذا أخبر لوثر الرهبان والراهبات بشأن عهودهم؟
Q187	ما الشيء الذي كان عليه طلب في زمن مارتن لوثر؟
Q188	إيٌ من مؤلَّفات لوثر صار شائعا؟
Q189	ما الذي أسهمت فيه شعبية تراجم لوثر؟
Q190	من الفنان الذي وضع النقوش الخشبية لكتاب لوثر المقدّس؟
Q191	أي من التراجم الإنجليزية للكتاب المقدّس تأثرت بكتاب لوثر المقدّس؟
Q192	ما الذي جعل لوثر يكتب الترانيم؟
Q193	لماذا أعدم جوهان إيسك وهينريش فووز من قبل الكاثوليكية؟
Q194	ما الترنيمة التي كتبها لوثر بعد استشهاد إيسك وفووز؟
Q195	من هو المترجم الإنجليزي لهذه الترنيمة؟
Q196	ما الاسم الذي تعرف به هذه الترنيمة بالإنجليزية؟
Q197	ما الذي عُثر عليه لاحقاً مكتوباً من قبل لوثر؟
Q198	بأي لغة ورد جل ما في الكتابة؟
Q199	أي جزء من آخر كتابة لٍلُثر كان مكتوباً بالألمانية؟
Q200	ما  المستوى الذي بلغته مدينة كاليفورنيا الكبرى من حيث تعداد السكان على المستوى على الوطني؟
Q201	كم هي المساحة التي لم تتم تنميتها بكاليفورنيا الجنوبية علماً بأنها ذات تركز عمراني هائل؟
Q202	ما الخاصية التي تُعرَف بها التجمعات السكنية بكاليفورنيا على غرار كونها واسعة ومترامية الأطراف؟
Q203	بماذا تشتهر كاليفورنيا أيضاً على خلاف استعمالها للسيارات؟
Q204	أي نوع من المناطق يمكن إيجاده داخل المنطقة الحضرية لكاليفورنيا؟
Q205	ما الاسم الذي تسمى به المناطق الثمانية التي تشكل جزءً من كاليفورنيا الجنوبية.
Q206	كم توجد من منطقة حضرية ضخمة متوسعة؟
Q207	ما الرقم الذي يجاوزه تعداد سكان كل من تلك المناطق الحضرية الضخمة المتوسعة؟
Q208	ما الذي تشكله مناطق إل صنترو وسان دييغو-كارلزباد-سان ماركوس؟
Q209	ما هو عدد السكان بمنطقة لوس أنجلس الكبرى؟
Q210	ماسم ثاني أكثر المطارات نشاطاً بالولايات المتحدة؟
Q211	ما المقياس الذي يُستعمل في تحديد نشاط المطارات؟
Q212	أي مرتبة يحتلها مطار لوس أنجلس الدولي من حيث النشاط والحركة الدولية للمسافرين؟
Q213	ماسم أكثر المطارات أحادية المدارج نشاطاً في العالم؟
Q214	ماسم أكثر مطارات الطيران العمومي نشاطاً في العالم؟
Q215	إلى أي رياضة ينتمي فريق لوس أنجلس رامز؟
Q216	إلى أي رياضة ينتمي فريق لوس أنجلس كليبرز؟
Q217	ما الرياضة التي ينتمي إليها فريق لوس أنجلس آنجيلز أف أناهيم؟
Q218	ماسم فريق الرابطة الوطنية لكرة اليد بخلاف أناهيم داكس، والكائن بكاليفورنيا الجنوبية؟
Q219	ماسم الفريق الوحيد الذي ينتمي لدوري النخبة لكرة القدم في كاليفورنيا الجنوبية؟
Q220	ماسم الفريق الذي تم إيقاف نشاطه في دوري النخبة لكرة القدم؟
Q221	كم فريقاً كان لدى لوس أنجلس؟
Q222	ما السنة التي تسببت في إيقاف أحد فريقَي كرة القدم؟
Q223	ماسم لملعب الذي لعب فيه الفريقين؟
Q224	متى سيعود الفريق الذي تم إيقاف نشاطه؟
Q225	ما الذي يتماشى مع بث بي سكاي بي الإذاعي ذو الدقة القياسية؟
Q226	ما الموسيقى التصويرية الاختيارية التي تتضمنها سكاي موفيز وسكاي بوكس أوفيس؟
Q227	ما هي مادّة البث الذي تستعمله سكاي بلس إتس دي؟
Q228	ما هو نظام الملكية الذي تستعمله سكاي بلس إتش دي؟
Q229	ما المستوى الذي تكون عليه جل المواد ذات الدقة العالية؟
Q230	متى تم إطلاق سكاي ديجيتال؟
Q231	ما هو القمر الصناعي الذي استُعمِل عند انطلاق سكاي ديجيتال؟
Q232	ما هو القمر الصناعي الذي مكن سكاي ديجيتال من إطلاقة خدمتها الرقمية كليّاً؟
Q233	ما عدد القنوات التفزية والإذاعية التي يمكن للخدمة الرقمية الجديد حملُها؟
Q234	ما هو موقع القمر الصناعي الذي مكن سكاي من بث القنوات بصفة خاصة إلى المملكة المتّحدة؟
Q235	متى صرحت بي سكي بي عن اعتزامها تعويض قنواتها الرقمية مجانية المشاهدة؟
Q236	متى قالت قناة سنتانا الرياضية بأنها ستنطلق كخدمة مدفوعة الاشتراك؟
Q237	ما المنصة التي كانت قناة سنتانا الرياضية تنوي البث من خلالها؟
Q238	كيف أعادت خدمة إن، تي، إل، تسمية نفسها؟
Q239	ما الذي يتضمنه السجل الرياضي لــبي سكاي بي؟
Q240	ما الذي اقترحه آليك شيلبروك ليتم بواسطته دفع الإعانات؟
Q241	ما الذي يمكن شراءه بواسطة البرنامج التكميلي للإعانة الغذائية؟
Q242	ما الذي سمع به البرلمان حول الاشتراك بقناة بي سكاي بي؟
Q243	ما الذي كانت وكالة الإعانات الحكومية البريطانية تقوم بتحققه سنة 2012؟
Q244	ما الذي عنته فاتورة الاشتراك بقناة رياضية بالنسبة لوكالة الإعانات الحكومية البريطانية؟
Q245	كم كانت معاليم الحمل السنوية للقنوات؟
Q246	هل يشمل الاتفاق الجديد الفيديو عند الطلب والدقة العالية؟
Q247	ماسم الشركة التي وافقت على إنهاء دعواها القضائية ضد بي سكاي بي بالمحكمة العليا؟
Q248	ماسم الشركة التي وافقت على إنهاء دعواها القضائية ضد فيرجين ميديا بالمحكمة العليا؟
Q249	ما الأمر الذي رفِعت بشأنها دعاوى قضائية بالمحكمة العليا؟
Q250	من هو الحزب الأقوى بين صفوف طبقة العمال في ضواحي ميلبورن؟
Q251	من هو الحزب الأقوى في المناطق الراقية بميلبورن؟
Q252	من هو الحزب الأقوى في الجهتين الشمالية الشرقية والشرقية بفيكتوريا؟
Q253	من هو الحزب المهيمن بقلب ميلبورن؟
Q254	من هو الحزب المفضل في بيديغو وجيلوغ؟
Q255	متى بدأت دولة فيكتوريا العمل بدستورها؟
Q256	ما هو أساس دستور دولة فيكتوريا؟
Q257	من لديه صلاحية تنقيح الدستور الفيكتوري؟
Q258	ما هي الاستثناءات التي يتطلب فيها تنقيح الدستور دراسة خاصة؟
Q259	ما هي الوثيقة التي جسّدت دستور دولة فيكتوريا؟
Q260	ما هي الصناعة التي ستفقدها دولة فيكتوريا قريبا؟
Q261	متى قالت شركة تويوتا بأنها ستغلق مصنعها بدولة فيكتوريا؟
Q262	متى أعلنت شركة هولدن أنها ستغلق مصنعها بدولة فيكتوريا؟
Q263	متى ستغلق شركة فورد وحدة التصنيع خاصتها؟
Q264	من نوع السيارات التي تصنع في برودميدوز؟
Q265	ما هو عيار الخطوط الحديدية الفيكتورية؟
Q266	ما العيار التي حُوّلت إليه بعض الخطوط في غربي فيكتوريا؟
Q267	ما العيار المستخدم على سكتين حديديتين سياحيتين؟
Q268	في إي مكن من فيكتوريا تم بناء خطوط الحديد ذات العيار الصغير؟
Q269	كم عدد السكك الحديدية ذات العيار الصغير التي كانت مملوكة من قبل الحكومة؟
Q270	متى تم تأسيس مستعمرة ويلز الجنوبية الجديدة؟
Q271	ماسم القسم الشرقي للمستعمرة سنة 1788؟
Q272	ما الاسم الذي سمّي به القسم الغربي للمستعمرة؟
Q273	أين كان موقع الحكومة الاستعمارية التي كانت تدير المنطقة؟
Q274	ما هو المرسوم الذي ألغى البروتستانتية في فرنسا؟
Q275	متى تم إعلان هذا المرسوم؟
Q276	أية طائفة فرنسية أصدرت هذا المرسوم؟
Q277	كم عدد الهوغونوتيون الذين فروا من فرنسا بحلول العقد 1700؟
Q278	في أية مستعمرة إنجليزية تم وعد المستوطنين الهوغونوت بالأرض؟
Q279	في أية منطقة من هذه المستعمرة الإنجليزية تم منح الأرض للهوغونوت؟
Q280	ما هي المدينة التي تم منحها بالفعل للهوغونوت عند الوصول؟
Q281	كم عدد المستوطنين الأصليين الذين استقروا في ماناكينتاون؟
Q282	متى تم تجنيس هؤلاء المستوطنين كمستعمرين إنجليز؟
Q283	من كان أحد الرومان الكاثوليك الفرنسيين المؤيدين للإصلاح الديني في القرن الخامس عشر؟
Q284	أين قام هذا القائد المؤيد للإصلاح الديني بالتدريس؟
Q285	متى نشر هذا القائد الكتاب المقدس باللغة الفرنسية؟
Q286	أي زعيم للإصلاح السويسري كان من طلاب لوفيفر؟
Q287	من هو الزعيم البروتستانتي الأوروبي الآخر الذي تعلم في جامعة باريس؟
Q288	كيف طور الهوغونوتيون معتقداتهم الدينية في العالم الجديد؟
Q289	كيف تم دمج المستوطنين الهوغونوتيين في مجتمع أمريكا الشمالية بشكل عام؟
Q290	من كان أحد أشهر صانعي أسلحة الهوغونوتيون؟
Q291	إلى متى استمر الهوغونوتيون في استخدام الأسماء الفرنسية؟
Q292	ما هو اسم عملية البارود دو بونت؟
Q293	من هو الحاكم الألماني الذي دعا الهوغونتيين للهجرة؟
Q294	من هو الشاعر الألماني الذي كان من سلالة الهوغونوت؟
Q295	من هو الجنرال الألماني والمقاتل الطيار الذي كان من أصل الهوغونوت؟
Q296	من كان آخر رئيس وزراء لألمانيا الشرقية؟
Q297	ما هي الوظيفة التي شغلها توماس دي مايزيير في مجلس الوزراء الألماني؟
Q298	ما هو مصدر الحرارة الاعتيادي لغلي الماء في المحرك البخاري؟
Q299	بصرف النظرعن الموقد، ما هو الاسم الآخر للمكان الذي يتم فيه حرق المواد القابلة للاحتراق في المحرك؟
Q300	إلى جانب حرارة المحرك الناتجة من الاحتراق النووي والطاقة الحرارية الأرضية والاحتراق الداخلي، ما هو نوع الطاقة التي يمكن أن توفر الحرارة للمحرك البخاري؟
Q301	ما هو نوع عنصر التسخين الذي يستخدم في الغالب في المحركات البخارية للألعاب؟
Q302	ما هي الأداة التي تُستخدم لفحص أداء المحرك البخاري؟
Q303	ما هو العام الذي شهد أول استخدام مسجل لمؤشر المحرك البخاري؟
Q304	ما هي الشركة التي طورت مؤشر المحرك البخاري الأكثر نجاحاً؟
Q305	من الذي قام بتطوير مؤشر المحرك البخاري الناجح لتشارلز بورتر؟
Q306	أين تم عرض مؤشر تشارلز بورتر للمحرك البخاري؟
Q307	ما الذي يحد من كفاءة دورة رانكين؟
Q308	ما هي درجة حرارة مدخل التوربينات في التوربينات البخارية، بالدرجات المئوية؟
Q309	ما هو حد الزحف الذي يبلغ 565 درجة مئوية؟
Q310	ما هي كفاءة كارنو النظرية للتوربين؟
Q311	ما هي درجة حرارة المكثف التقريبي في التوربينات؟
Q312	ما هي الشركة الحديثة التي تعمل بالأخص على المحرك البخاري باستخدام مواد حديثة؟
Q313	أين يقع Energiprojekt AB؟
Q314	كم يبلغ عدد الاسطوانات الموجودة في محرك Energiprojekt AB؟
Q315	كم رطل من البخار لكل كيلو واط ساعة يستخدمه محرك Energiprojekt AB؟
Q316	ما هي النسبة المئوية  التي حققها محرك Energiprojekt AB من كفاءة محرك الضغط العالي؟
Q317	ما هو المسمى الآخر للدوّارات؟
Q318	في التوربين البخاري، على ماذا تكون الدوارات مثبتة؟
Q319	ما هي الطريقة الأخرى للإشارة إلى السواكن؟
Q320	ما هو المرفق بالسواكن؟
Q321	في الولايات المتحدة، ما هي سرعة التوربينات المعتادة بقوة 60 هيرتز؟
Q322	متى اكتشف كارل فيلهلم شيل الأكسجين؟
Q323	في أي عام تعرف جوزيف بريستلي على الأكسجين؟
Q324	ما الذي جعل بريستلي يدعي أنه أول من قام باكتشاف الأكسجين؟
Q325	من هو الباحث  الذي استخدم لأول مرة كلمة الأكسجين؟
Q326	ما هو العمل السابق الذي شككت تجارب لافوزييه فيه؟
Q327	من هو الكيميائي الذي تمكن من صنع ما يكفي من الأوكسجين السائل لاستخدامه في الدراسة؟
Q328	في أي عام قام ديوار بتجربة على الأكسجين السائل؟
Q329	متى تم تطوير الأكسجين السائل من أجل الاستخدام التجاري؟
Q330	ما هي عملية اللحام التي ظهرت في عام 1901؟
Q331	أية مجموعة من العلماء تسعى لقياس كميات الأكسجين في الحيوانات البحرية؟
Q332	بشأن خصائص أي طقس يرغب علماء المناخ القديم في الحصول على معلومات؟
Q333	ما هو مقدار ثقل الأكسجين 18 عن الأكسجين 16؟
Q334	ما هو شكل الأكسجين الذي تحصل عليه الحيوانات البحرية بكميات أكبر خلال الظروف المناخية الباردة؟
Q335	خلال أي نوع من المناخ يكون الأكسجين 18 في مياه البحر في مستويات أعلى؟
Q336	عند أي طول موجي، تصل ذروة النطاقات الطيفية؟
Q337	لرصد أي حدث سيتم قياس الإشعاع المنبعث من الغطاء النباتي وتوفير المعلومات؟
Q338	من أين يرغب العلماء قياس إشعاع الغطاء النباتي؟
Q339	على أي مقياس سيُظهر العلماء قياسات الغطاء النباتي؟
Q340	ما هو نمط الاستشعار الذي يستخدمه العالم لقياس الإشعاع العالمي؟
Q341	ما هو الجهاز المستخدم لعلاج الحالات المختلفة مثل التسمم بأول أكسيد الكربون؟
Q342	ما الذي يؤدي إلى زيادة تركيزات الأكسجين في رئة المريض؟
Q343	ما هو الكائن الممرض الذي يسبب الغرغرينا الغازية بالتسمم بالأكسجين؟
Q344	ماذا يحدث بعد الغوص الذي يقوم فيه الغواص بتخفيف الضغط بسرعة كبيرة؟
Q345	متى شنت سوريا ومصر هجوماً مفاجئاً على إسرائيل؟
Q346	من كان ثاني أكبر منتج للنفط في العالم؟
Q347	كم مرة أكثر اضطرت الدول الأخرى إلى دفع ثمن مقابل النفط بعد الهجوم المفاجئ؟
Q348	أي منتِج للنفط هو حليف وثيق للولايات المتحدة؟
Q349	لماذا أجرى شاه إيران مقابلة؟
Q350	ما الذي كان له تأثير سلبي على الاقتصاد الأمريكي؟
Q351	على المستوى الدولي، ما هي المواقف التنافسية للصناعة التي تأثرت؟
Q352	ما هي المشكلة التي تتمثل في كلٍ من الآثار التضخمية والانكماشية؟
Q353	تسببت أزمة النفط في زيادة شركات النفط للإمدادات النفطية في أية منطقة؟
Q354	كم من الوقت يُستغرق لإنتاج كميات كبيرة من النفط في المناطق الجديدة؟
Q355	من هو المسؤول الأول في مكتب الطاقة الفيدرالي؟
Q356	متى تم انتخابه من قِبل نيكسون؟
Q357	لما تم إنشاء هذه المنظمة قصيرة الأجل؟
Q358	طبقاً لـ  "رابطة السيارات الأمريكية "AAA، ما هي النسبة المئوية لمحطات الوقود التي نفذ منها الغازولين؟
Q359	ما هو المحفز الذي خلق اهتماماً أكبر بالموارد المتجددة؟
Q360	هناك انتقادات بأن سياسات الطاقة عبارة عن حلول سريعة مكلفة تتجاهل أية حقائق؟
Q361	من الذي ساند السياسات التي لديها حلول تبدو جيدة ولكن لديها إمكانيات ضعيفة؟
Q362	متى فتحت هوندا وتويوتا ونيسان مصانع التجميع في الولايات المتحدة؟
Q363	اذكر اسم السيارة الأكبر التي جاءت بها شركة تويوتا حيث تحسر المشترون على السيارات الصغيرة الحجم؟
Q364	اذكر الاسم الإضافي الذي تم إضافته إلى إنتاج السيارات.
Q365	اذكر اسم شعبة تويوتا الفاخرة.
Q366	من هو الذي ترأس اللجنة التي أنشأها سيمان؟
Q367	متى تم إنشاء هذه اللجنة بواسطة سيمان؟
Q368	أي فريق في ناسا جاء أولاً لدعم LOR؟
Q369	من الذي تم تعيينه ليكون نائب مدير مكتب رحلة الفضاء المأهولة؟
Q370	أي موقع لناسا جاء أخيراً في فكرة LOR؟
Q371	كم عدد الأشخاص الذين كانوا في الرحلة التجريبية AS-206؟
Q372	ماذا كان يرتدي رواد الفضاء أثناء المهمة المزدوجة AS-278؟
Q373	ما الذي كان في الأصل على البدلات الفضائية قبل خوذة "حوض السمك" الشفافة؟
Q374	ما نوع القطعة الداخلية، إن وجدت، التي تم تضمينها في ملابس أبولو الفضائية؟
Q375	إلى ماذا يشير اختصار LMP المتعلقة بمواقع مركبة الإطلاق Block II؟
Q376	أين قام طاقم أبولو 1 بإجراء الاختبارات في مركز كينيدي للفضاء؟
Q377	من كانوا الطاقم الرئيسي لأبولو 1، الذين أطلقوا عليها الاسم بأنفسهم؟
Q378	ما هو اختبار الخطوط المنفصلة الذي تم إجراؤه لمحاكاة LC-34؟
Q379	ما هو الموقع الآخر الذي قامت أبولو 1 باختباره إلى جانب مركز كينيدي للفضاء؟
Q380	ما هي أول مشكلة واجهها رواد الفضاء أثناء اختبار المقابس؟
Q381	متى تم اختبار المقابس لأول مرة؟
Q382	ماذا حدث خلال اختبار المقابس خلال فترة التأخير لرائحة البدلة الفضائية؟
Q383	ما الذي حدث للطاقم على متن الطائرة خلال اختبار المقابس؟
Q384	ما نوع الغلاف الجوي الذي ساعد في إشعال الحريق في جميع أنحاء المقصورة؟
Q385	من قام بتجميع بيانات هبوط Apollo 11 الأصلية المتبقية؟
Q386	هل كانت الأشرطة قابلة للاستعاده والمعالجة دون تدمير المشروعية التاريخية أم أن بعض جوانب الأشرطة فقدت مشروعيتها؟
Q387	ما هي أنواع التسجيلات في مركز جونسون الفضائي التي تم استخدامها للمساعدة في استعادة الأشرطة الأصلية؟
Q388	ما هي الشركة التي تم تكليفها بمحاولة استعادة الأشرطة الأصلية؟
Q389	هل كانت الأشرطة المستعادة قابلة لإضافة لون إليها لتحسين الصورة أم أنها بقيت بالأبيض والأسود؟
Q390	على أي نحوٍ بدأت عليه المعاهدات الأساسية التي تكون الاتحاد الأوروبي؟
Q391	ما المعاهدتين التين ساهمتا في إحداث المؤسسات الرسمية للاتحاد الأوروبي؟
Q392	ما السنوات التي انضمّت فيها كل من إسبانيا والبرتغال إلى الاتحاد الأوروبي؟
Q393	هي انضمّت النرويج بالنهاية إلى الاتحاد الأوروبي سنة 1972؟
Q394	ما هي الدولة التي وقَّعت معاهدةً في سنة 1985 تمنحها ميزةً قانونيةً خاصةً؟
Q395	ما الذي استوجب القيام بالمعاهدات الأساسية التي انتهت بتشكيل الاتحاد الأوروبي؟
Q396	في أي سنة تم التوقيع على معاهدة ماسترخت؟
Q397	متى صدر قانون الأوروبية الوحدوية؟
Q398	متى انضمّت الدانمرك إلى الاتحاد الأوروبي؟
Q399	متى وقَّعت غرينلند المعاهدة التي بوأتها منزلة قانونية خاصة؟
Q400	ما الطرفان الحاكمان اللذان يملكان الحق الرفض فيما يخص سن القوانين؟
Q401	ما الذي لا يستطيع البرلمان القيام به، والذي يسبب إخلالاً بالمساواة والديمقراطية؟
Q402	كم مرّةً تتم فيها الانتخابات البرلمانية؟
Q403	ما نسبة أغلبية التصويت اللازمة كي تتم الرقابة الفعّالة للمفوضية؟
Q404	ما هما الطرفان اللذان على البرلمان المرور عبرهما لكي يجيز القوانين؟
Q405	ما الطرف المتفرد بتقديم التشريعات؟
Q406	ما هي الأطراف التي لها صلاحيات التنقيج والرفض أثناء سن القوانين؟
Q407	متى تمّت أول انتخابات مباشرة؟
Q408	كم مرّةً التي تجري فيها الانتخابات البرلمانية؟
Q409	أي من الأحزاب هو الأكبر بين الخطوط الرسمية الحزبية؟
Q410	أي قانون له الأولوية في التطبيق عند تعارض القانون الأوروبي والقانون الوطني؟
Q411	ما السبب الذي قدمته المحكمة الدستورية الإيطالية والذي نتج عنه خسارة السيد كوستا لقضيته ضد إينيل؟
Q412	ما السنوات التي صدر فيها قانونان تأصّلا في قضية شركة سيمنتال سبا، ومعارضان مع أحد القوانين الإيطالية؟
Q413	ما هي الأطراف التي توجب عليها تطوير مبادئ مكرَّسة لمواجهة تعارض القوانين بالنظم المختلفة؟
Q414	متى جرت القضية بين كوستا وإينيل؟
Q415	أي محكمة قالت بأن معاهدة روما لم تمنع تأميم الطاقة؟
Q416	كم معاهدة أصلية مؤسٍّسةً للحقوق الأساسية المحمية من قبل التحاد الأوروبي؟
Q417	أي الأطراف كانت في الأصل معنية بالحيلولة دون انتهاك حقوق الإنسان؟
Q418	متى تم إبرام المعاهدة الأوروبية المتعلقة بحقوق الإنسان؟
Q419	ما الذي تم تأسيسه تزامنا مع المعاهدة الأوروبية لحقوق الإنسان؟
Q420	ما الطرف الذي كلفه المجلس الأوروبي بصياغة مسودة للدستور الأوروبي لحقوق الإنسان؟
Q421	ما الذي حمل المملكة المتحدة على المشاركة في اتفاقية السياسة الاجتماعية؟
Q422	متى شاركت المملكة المتحدة بصفة رسمية في اتفاقية السياسة الاجتماعية؟
Q423	ما هي التوجيهية التي تم أحداثها سنة 1994؟
Q424	متى أحدِثت توجيهية المنحة الأبوية؟
Q425	متى أحدِثت توجيهية مجلس الأعمال؟
Q426	ما هو الاسم الآخر الذي يستعمل للإشارة غابة الأمازون بالإقليزية؟
Q427	كم كيلومتراً مربّعاً تغطي الغابة المطيرة من الحوض؟
Q428	كم عدد الدول التي تتحكم في هذه المنطقة؟
Q429	كم عدد الدول التي تحتوي "أمازونياس" في أسمائها؟
Q430	كم نسبة الغابات المطيرة التي يمثلها الأمازون على الكوكب؟
Q431	ما هي الكلمة الألمانية المرادفة لغابة الأمازون؟
Q432	ما الغابة المطيرة التي تغطي جل حوض الأمازون بأمريكا الجنوبية؟
Q433	في أي بلد يوجد معظم غابة الأمازون المطرية؟
Q434	ما نسبة الغابات المطرية التي تمثلها غابة الأمازون المطرية على الأرض.
Q435	كم نوعاً من الأشجار يوجد بغابة الأمازون المطرية؟
Q436	ما نوع من أنواع الغابات المطرية هي غابة الأمازون؟
Q437	ما المساحة التي يغطيها حوض الأمازون؟
Q438	كم دولة تقع داخل حوض الأمازون؟
Q439	ما هي الدولة التي تحوي معظم غابة الأمازون؟
Q440	ما عدد أنواع الأشجار المقدّر داخل غابة الأمازون الاستوائية؟
Q441	كم كيلومترا مربعا نَقُصَ من غابة الأمازون بحلول سنة 1991؟
Q442	كم كيلومتراً مربّعاً نقص من غابة بحلول سنة 2000؟
Q443	ما هو أكثر ما تستَعمَل فيه الأراضي التي أزيلت الغابات منها في منطقة الأمازون؟
Q444	ما متربة البرازيل عالمياً من حيث إنتاج فول الصويا؟
Q445	ما نسبة الأراضي التي تمت إزالة الغابات منها والتي تستعمل في تغذية الماشية؟
Q446	من هم الفلاحين الذين تم من أجلهم تمهيد الطرقات وسط الغابة المطرية الأمازونية؟
Q447	ما الذي أدى إليه تمهيد تلك الطرقات في الغابة المطرية الأمازونية؟
Q448	بِكَم ميلاً تزايدت نسبة إزالة الغابات ما بين سنتي 2000 و2005؟
Q449	ماذا حصل لمعدّل إزالة الغابات في منطقة الأمازون البرازيلية بين سنتي 2004 و2014؟
Q450	كم ارتفعت نسبة إزالة الغابات بين سنتي 2000 و2005 مقارنةً بما كانت عليه مابين سنتي 1995 و2000؟
Q451	ما الذي يخشى أخصائيو البيئة من فقدانه في غابة الأمازون؟
Q452	ما الذي تسبب في فقدان التنوع البيولوجي استنادا إلى أخصائيي البيئة؟
Q453	ما الذي يخشى أخصائيو البيئة من انبعاثه من منطقة الأمازون؟
Q454	ما كمية غاز الكربون في العالم المختزنة في غابة الأمازون؟
Q455	كم طنّا متريّاً يرجح أنه مختزن بغابة الأمازون؟
Q456	في أي سنة شهد الأمازون جفافاً يرجّح أنه أجد من جفاف 2005؟
Q457	كم ليلا مربعاً من المنطقة تأثر بجفاف 2010؟
Q458	كم منطقةً تأثرت بموت النباتات إثر جفاف 2010؟
Q459	في أي سنة تأثر الجزء الجزء الجنوبي من الأمازون بالجفاف؟
Q460	كم طنا من غاز الكربون يمتصها الأمازون في السنة العادية؟
Q461	كم تستطيع المشطيات أن تأكل في يوم واحد؟
Q462	كم نوعا من المشطيات التي تم تعريفها؟
Q463	كم نوعا من المشطيات لم يتم تعريفها أو تسميتها؟
Q464	كم نوعا من مشطيات ستينوفورا تم تعريفها؟
Q465	ما هو اسم المجسات الصغيرة التي لدى المشطيات؟
Q466	كم يمكن لمشطي ستينوفورا أن يأكل في اليوم؟
Q467	ما الشيء الذي لا تملكه فصيلة البروادا الساحلية والذي تملكه أنواع أخرى من المشطيات؟
Q468	ما الشيء الذي تستعمله فصيلة البروادا الساحلية كأسنان؟
Q469	ما الكمية التي تأكلها المشطيات في اليوم؟
Q470	ما هو اسم المجسات الصغيرة التي تحملها المشطيات؟
Q471	ما الشيء الذي تستعمله فصيلة البروادا الساحلية كأسنان؟
Q472	ما الشيء الذي تستعمله المشطيات للإمساك بفريستها؟
Q473	كم نوعا يوجد من المشطيات؟
Q474	متى كان انقراض العصر الطباشيري الثلاثي؟
Q475	ما الذي يشير إليه الدليل بشأن المشطيات؟
Q476	كم عمر المستحثات المكتشفة التي تعود إلى المشطيات؟
Q477	ما الشيء الذي تملكه المشطيات المعاصرة والذي لم يوجد بمستحثات تعود للمشطيات؟
Q478	كم عمر المستحثات التي كان يظن أنها لمشطيات؟
Q479	ما الحدث الذي وقع منذ 66 مليون سنة خلت؟
Q480	ما الذي ليست منه المشطيات؟
Q481	ما الذي كان لدى المشطيات الحالية ولم يكن لدى المستحثات؟
Q482	ماذا تسمى الشعيرات على المشطيات؟
Q483	فيم تستعمل الأهداب؟
Q484	ماذا تسمى مجموعة الأهداب التي تشبه المشط؟
Q485	ما هو مرادف كلمة المشطيات باليونانية؟
Q486	لماذا تعد مستحثات المشطيات نادرةً جداً؟
Q487	لأي شيء يمكن أن تعود مستحثة أيواندروميدا الإيديكارية؟
Q488	ماذا كانت تسمى الفترة التي خلت منذ 505 مليون سنة؟
Q489	كم نوعا عثِر عليه في صخور بورجس الصلصالية؟
Q490	ما الذي لم يكن موجودا بالمستحثات التي عثر بصخور بورجس الصلصالية؟
Q491	ما السلالة التي تماثلها سلالة المشطيات بحسب الدراسات الأخيرة؟
Q492	ما الصنف الحيواني الذي يرى بعض الباحثين بأنه الأول من حيث التطور؟
Q493	ما الاسم الآخر للجانب الغربي لمدينة فريسنو؟
Q494	في أي جهة من الطريق الحرة 99 يقع الجانب الغربي للمدينة؟
Q495	ما الجماعة العرقية التي يعتبر جانب فريسنو الغربي مركزاً لها؟
Q496	من هما المجموعتان الرئيسيتان الآسيويتان أمريكيتان اللتان تعيشان بالحي الجنوبي الغربي لمدينة فريسنو؟
Q497	ما هو الحي الكائن غربي الطريق الحرة 41؟
Q498	من الشخص الذي سُميت جادة كيرني تيمنا باسمه؟
Q499	ما نوع الأشجار المصَفّفة على جانبي جادة كيرني؟
Q500	في أي مكان بين الشارعين على طول جادة كيرني كان يقيم الأفرو-أمريكيين الأغنياء؟
Q501	ما الاسم الذي مُنح لأحد أقسام جادة كيرني في محاولة لتغيير صورته؟
Q502	ما هي المنطقة الكائنة في بروكهيفن والتي عرفت بجرائمها المتزايدة؟
Q503	كم عدد العائلات التي لديها أطفال دون سن 18 سنة يعيشون بينها؟
Q504	ما هي نسبة ربّات البيت الإناث الغير متزوجات؟
Q505	كم عدد المثليين المتزوجين أو المشتركين معاً؟
Q506	كم كان متوسط حجم العائلة؟
Q507	كم كان متوسط حجم المنازل
Q508	ما هي الطريق التي تربط فريسنو بكاليفورنيا المركزية؟
Q509	ما الاسم الآخر للطريق الوطنية 168؟
Q510	ما الاسم الآخر للطريق الحرة يوسيمايت؟
Q511	من أي اتجاه تدخل الطريق الوطنية 180 عبر ميندوتا؟
Q512	ما هي المدينة الأكبر التي لا ترتبط بطرق ما بين الولايات؟
Q513	ما السنة التي تم فيها إحداث نظام الطرق ما بين الولايات؟
Q514	أي طريق وطنية كانت موضعا للنقاش حول تطويرها إلى معايير طرق ما بين الولايات؟
Q515	ما هي العوامل التي تزيد في الرغبة في تحسين الطريق الوطنية 99 طبقا لمعايير الطرق ما بين الولايات؟
Q516	على ماذا تحتوي الحزمة في وضع عدم الحاجة إلى الاتصال؟
Q517	كم حزمةً يتم توجيها؟
Q518	ما هي اللصيقة التي تُضَمّن لكل حزمة؟
Q519	ماذا يحصل للحزمة عند بلوغها وجهتها؟
Q520	متى صارت أربانت وسيتا في نطاق الخدمة؟
Q521	ما هما الفرقين بين تقنيتي إكس 25 وسيتا؟
Q522	ما الذي يضمنه بروتوكول الرسم المعلوماتي للمستعمل؟
Q523	ما هو نوع الشبكة الذي تستعمله إكس 25؟
Q524	ما هي دي إي سي نت؟
Q525	بما قامت دي إي سي نت أساساً؟
Q526	كان لدى دي إي سي 3 طبقات فكم صار لديها من طبقة؟
Q527	ماذا صارت المرحلة الثانية من دي إي سي نت؟
Q528	لماذا أسِّست شبكة اتصالات بيريت بي ولاية ميشيغان؟
Q529	ما الذي أكمل الثلاثي؟
Q530	ما الذي مهد الطريق لدور ميريتس في هذا المشروع؟
Q531	ما هو إنترنت2؟
Q532	من قام بالشراكة مع إنترنت2؟
Q533	ما اسم الشبكة الأولى التي أنشأها إنترنت2؟
Q534	من قام بالشراكة مع إترنت2؟
Q535	ما اسم المنصة الجديدة التي حلّت محل آبلين؟
Q536	إلام تعزى الموت الأسود في الأصل؟
Q537	من الذي كُتب له التقرير الطبي؟
Q538	ما هي النظرية الأحدث والأكثر قبولاً وراء انتشار الطاعون؟
Q539	ما هو الاسم الرسمي الذي تعرف به نظرية فساد الهواء؟
Q540	ما هي الأفرع الحيوية؟
Q541	ما سلالات يرسينيا الطاعونية التي تم العثور عليها في القبور الجماعية؟
Q542	ما الذي تشير إليه سلالات يرسينيا الطاعونية بشأن الطاعون؟
Q543	كيف دخل المتغير الأول من يرسينيا الطاعونية أوروبا ومتى؟
Q544	متى وصلت يرسينيا الطاعونية إلى إنجلترا؟
Q545	ماذا يقترح غراهام تويج بشأن تفشي المرض؟
Q546	ماذا كانت نظرية نورمان كانتور عن الطاعون؟
Q547	ما الأمراض التي يعتقد العديد من العلماء أنها ساهمت في تفشي وباء الطاعون؟
Q548	ما هو الإنتان الدموي؟
Q549	كم جثة استخرجت هيئة الصحة العامة في إنجلترا؟
Q550	كم شخص مات من الطاعون في باريس عام 1466؟
Q551	اجتاح الطاعون الأسود أوروبا لمدة ثلاث سنوات، فأي بلد تلتها؟
Q552	أية فاشية كان مرتبطة بالقوات في حرب الثلاثين عام؟
Q553	متى كان آخر اندلاع للطاعون؟
Q554	كم مرة تفشى الطاعون في البندقية؟
Q555	خلال أي سنوات كان الطاعون موجوداً في البلدان الإسلامية؟
Q556	كم عدد الأشخاص الذين هلكوا في الجزائر خلال الفترة 1620–1621؟
Q557	إلى متى استمر الطاعون في الإمبراطورية العثمانية؟
Q558	كم هلك من الناس على الأكثر من الطاعون في بغداد؟
Q559	ما سبب لزوم المقياس الزمني الثاني؟
Q560	ما هو الإطار الزمني الذي تم توسيعه في المقياس الرابع؟
Q561	ما اسم آخر فترة؟
Q562	في أي فترة كان العصر البليستوسيني؟
Q563	أي مبدأ يستند إلى ظهور الحفريات في الصخور الرسوبية؟
Q564	من صاحب المبادئ التي بني عليها مبدأ التعاقب؟
Q565	ماذا يجعل عدم إمكانية العثور على جميع الحفريات على مستوى العالم في نفس الوقت من المبدأ؟
Q566	ما الذي يمكن استخدام دليل وجوده أو غيابه لتحديد العمر النسبي للتكوينات التي يتواجد فيها؟
Q567	تم تطوير مبدأ تعاقب الكائنات الحيوانية مائة عام قبل نظرية التطور لمن؟
Q568	من يجري تحليلات المقاطع الطبقية كتلك في قضبان آلات الحفر المركزية؟
Q569	ما نوع المسوحات التي تبين مواقع الوحدات الطبقية في الطبقات السفلية؟
Q570	ما الذي يمكن جمعه مع البيانات الجيوفيزيائية لتحقيق رؤية أفضل للطبقات السفلية؟
Q571	ما الذي يستخدمه علماء طبقات الأرض لعرض بياناتهم في ثلاثة أبعاد؟
Q572	لأي أنواع الاستخراج يحاول علماء طبقات الأرض تحديد المواقع؟
Q573	إلى أين يعتقد فيلدينج هـ. جاريسون أنه يمكن تتبع علم الجيولوجيا؟
Q574	عاش في 973–1048 م وكان من أوائل علماء الجيولوجيا الفارسيين، فماذا كان اسمه؟
Q575	استنتج هذا الشخص في الصين أن الأرض تشكلت بسبب تآكل الجبال وترسب الطمي، فماذا كان اسمه؟
Q576	اقترح هذا الشخص تفسيراتٍ لأصول الزلازل وتكوّن الجبال، فماذا كان اسمه؟
Q577	ما الذي دفع شين كوو إلى الاعتقاد بأن الأرض قد تشكلت بسبب تآكل الجبال؟
Q578	من الذي يعتبر أول عالم جيولوجي حديث؟
Q579	ما الأطروحة التي قدمها جيمس هوتون لجمعية إدنبرة الملكية في عام 1785؟
Q580	في أي عام نشر جيمس هوتون نسخة مكونة من مجلدين لنظرياته؟
Q581	ما هي الفكرة الرئيسية لأطروحة جيمس هوتون؟
Q582	ما هي أول مستوطنة مسجلة في ما هي الآن نيوكاسل؟
Q583	أي نهر بُني عبره جسرٌ سابقاً في العصر الروماني؟
Q584	بم كان يُقدر عدد سكان بونز إيليوس حوالي القرن الثاني الميلادي؟
Q585	من صاحب الجدار التي تظهر شظايا منه في بعض أرجاء نيوكاسل إلى يومنا الحاضر؟
Q586	ما القبائل التي كان الرومان يخشون أن تغزوهم من الشمال؟
Q587	ما السوق السابق الذي حل سوق غرينجر محله؟
Q588	متى افتُتح أول سوق داخلي في نيوكاسل؟
Q589	كم عدد الضيوف الذين حضروا العشاء احتفالاً بافتتاح سوق غرينجر؟
Q590	كيف يتم توثيق افتتاح سوق غرينجر في معرض لاينغ للفنون؟
Q591	من أدرج معمار سوق غرينجر في المرتبة الأولى عام 1954؟
Q592	كيف تصنَّف موسيقى فرقة ليندسفارن؟
Q593	في أي عام تم إصدار أغنية "فوغ أون ذا تاين"؟
Q594	ما الفرقة التي يعتبرها العديد أول فرقة بلاك ميتال؟
Q595	ما الفرقة التي غالباً ما تعتبر أول فرقة ميتال شعبي؟
Q596	ما الفرقة التي كان أندي تايلور الذي وُلد في نيوكاسل عازف الجيتار الرئيسي لها سابقاً؟
Q597	ما السكك الحديدية في الأنفاق التي تغطي مساحة كبيرة من تاين ووير؟
Q598	كم عدد المراحل التي افتُتح فيها المترو في الفترة ما بين 1980 و 1984؟
Q599	ما نوع الأنفاق التي تم حفرها خلال مركز مدينة نيوكاسل؟
Q600	ماذا افتتحت الملكة اليزابيث الثانية في نيوكاسل عام 1981؟
Q601	كم عدد الركاب الذين تحملهم شبكة السكك الحديدية في نيوكاسل سنوياً؟
Q602	كم عدد الجامعات الموجودة في نيوكاسل؟
Q603	أي جامعة لها أصل في كلية طب وجراحة؟
Q604	علام حازت جامعة نيوكاسل في عام 2000؟
Q605	ماذا حدث في عام 1992 ضمن إجراءٍ على نطاق المملكة المتحدة؟
Q606	ما الجامعة التي فازت بجائزة أكثر المنظمات إتاحةً لتكنولوجيا المعلومات؟
Q607	إلى أي معرض عالمي يعود أصل متحف فكتوريا وألبرت؟
Q608	من كان أول مدير لمتحف فكتوريا وألبرت؟
Q609	ما كان يسمى المتحف في الأصل؟
Q610	إلى أين تم نقل  متحف فكتوريا وألبرت من موقعه الأصلي في مارلبورو هاوس؟
Q611	من المهندس المعماري الألماني الذي طُلِب منه وضع تصميمٍ للمتحف؟
Q612	كم عدد الأعمال الفنية المشمولة في مجموعات الشرق الأقصى تقريباً؟
Q613	ما هي الدول الممثَّلة في مجموعات الشرق الأقصى؟
Q614	ما اسم المعرض المخصص للفن الصيني؟
Q615	في أي عام افتُتح المعرض المخصص للفن الصيني؟
Q616	إلى أي سلالتين حاكمتين يعود أصل معظم الأعمال الفنية الصينية في مجموعات الشرق الأقصى؟
Q617	كم عدد القطع الموجودة في مجموعة متحف فكتوريا وألبرت للأزياء؟
Q618	أي قسم يضم الأعمال على الورق من مجموعة الأزياء؟
Q619	لماذا تغلب الملابس الأنيقة للمناسبات الخاصة على المجموعة؟
Q620	في أي عام تلقى متحف فكتوريا وألبرت مجموعة تالبوت هيوز؟
Q621	أية شركة أهدت مجموعة تالبوت هيوز؟
Q622	كم العدد التقريبي للأشخاص الذين وقعوا عريضةً عبر الإنترنت على الموقع البرلماني استجابةً لإغلاق معرض الآلات الموسيقية؟
Q623	من عضو البرلمان الذي أوضح إمكانية حفاظ المتحف على المجموعة وإتاحتها للجمهور؟
Q624	ما المتحف الذي سيتلقى إعارة من معرض الآلات الموسيقية؟
Q625	كم عدد الآلات الموسيقية التي تمت إعارتها لمتحف هورنيمان تقريباً؟
Q626	في أي عام تم إغلاق معرض الآلات الموسيقية؟
Q627	في أي عام تبرع جون شيبشانكس بمجموعة كبيرة من اللوحات؟
Q628	كم عدد اللوحات التي قدمها جون شيبشانكس للمتحف؟
Q629	ما الهدف من وصية جون شيبشانكس القديرة للمتحف؟
Q630	أي لوحة بريطانية شهيرة تبرعت ابنة جون شيبشانك عام 1888 برسمة أولية زيتية كاملة الحجم لها من عام 1821؟
Q631	ما جنسية فناني اللوحات التي تبرع بها جون شيبشانكس؟
Q632	في عام 2000 بدأت شبكة أيه بي سي حملةً على الإنترنت تتمحور حول ماذا؟
Q633	من الذي تم توظيفه لإنتاج هوية أيه بي سي للعامين 2001 و2002؟
Q634	ماذا كان لونا شعار أيه بي سي لعام 2001؟
Q635	ما لقب شعار أي بي سي من حملة عام 2000؟
Q636	من صمم تصميم أيه بي سي الجديد لعام 1998؟
Q637	في أي عام توقفت شبكة أيه بي سي عن استخدام ترنيمتها المكونة من أربع نغماتٍ للترويج؟
Q638	ما هي حملة تحسين الصورة التي تمحورت حولها ترنيمة أي بي سي الجديدة المكونة من أربع نغمات؟
Q639	أين تظل ترنيمة أيه بي سي المكونة من أربع نغمات قيد الاستخدام؟
Q640	من الذي عينه نوبل رئيساً لأيه بي سي في عام 1950؟
Q641	اقترح غولدينسون الدمج بين يو بي تي وأي شبكة في تشرين الأول من عام 1954؟
Q642	ماذا كان سيسمى الكيان الجديد في إطار خطة الدمج لغولدينسون؟
Q643	كم من الأموال كانت ستسلّم لشبكة دومونت التلفزية بموجب خطة الدمج لغولدينسون؟
Q644	في أي عقد أتمّت أيه بي سي انتقالها إلى التلفزة الملونة؟
Q645	أتاحت السبعينيات لأي شبكة الصعود إلى المرتبة الأولى في التصنيف؟
Q646	ما نوع البيانات التي بدأت أيه بي سي بطرحها في السبعينيات لتحسين استهداف الإعلانات والبرامج لجمهورٍ معين؟
Q647	ما هي نسبة مشاهدي التلفزيون في أوقات الذروة التي مثلتها الشبكات الثلاثة الكبرى في عام 1980؟
Q648	ما هو مسلسل الدراما من إنتاج آرون سبيلينغ الذي عُرض لأول مرة على أيه بي سي في الثمانينيات؟
Q649	ماذا كان المسلسل المتفرع من هابي دايز الذي عُرض لأول مرة في الثمانينيات على شبكة أيه بي سي؟
Q650	ما المحطة التي أطلقتها أيه بي سي في عام 1981 والتي ركزت على البرامج الثقافية والفنية؟
Q651	‏ما هي قبيلة المرأة التي تزوجها تيموجين عندما كان عمره حوالي ست عشر عامًا؟
Q652	‏من الذي اختطف زوجة تيموجين الأولى بعد فترة وجيزة من الزواج؟
Q653	‏من ساعد تيموجين في إنقاذ زوجته من ميركيتس؟
Q654	‏ماذا كان اسم الابن الأول لتيموجين من زوجته بورته؟
Q655	‏في أي عام ولدت بورته يوتشي؟
Q656	‏من الذي دعم جاموقا ولم يكن جزءًا من قاعدة السلطة لدى تيموجين؟
Q657	‏من هو الشامان الذي ساعد تصريحه على صعود تيموجين إلى السلطة؟
Q658	‏متى تم انتخاب تيموجين خانًا للمغول؟
Q659	‏ما المعركة التي خسرها تيموجين أمام جاموقا بعد فترة قصيرة من انتخابه كخان؟
Q660	‏إلى أين تم نفي طغرل المناصر لتيموجين؟
Q661	‏ما هو الاسم المنغولي للمكان الأصلي لضريح جنكيز خان؟
Q662	‏أي دير بوذي استضاف ضريح جنكيز خان خلال الاحتلال الياباني؟
Q663	‏أين قام القوميون الصينيون بنقل الضريح بعيداً عن تقدم القوى الشيوعية الصينية؟
Q664	‏متى عاد الضريح إلى ضميمة الرب في منغوليا؟
Q665	‏من الذي دمر أثمن الآثار في الضريح أثناء الثورة الثقافية؟
Q666	‏ما البحر الذي كان يحد إمبراطورية جنكيز خان من الشرق عندما موته؟
Q667	‏ما هو المسطح المائي الذي حد الإمبراطورية المغولية من الغرب عندما توفي جنكيز خان؟
Q668	‏من الذي قاد التوسع الأسرع في تاريخ الإمبراطورية المغولية؟
Q669	‏ما السنة التي انتهى فيها الصراع مع أسرة سونغ؟
Q670	‏من هو خلف جنكيز خان الذي نهب بغداد؟
Q671	‏من الذي أوقف تقدم هولاكو خان عبر الشرق الأوسط؟
Q672	‏أي من خلف جنكيز خان طرد المماليك من فلسطين؟
Q673	‏في أي عام قام حفيد جنكيز خان بغزو روس الكييفية؟
Q674	‏أي المدن الكبرى في أوروبا الشرقية لم يتم تدميرها بسبب الغزو المغولي؟
Q675	‏من يشرف على فنيي الصيدلة في المملكة المتحدة؟
Q676	‏ما هي الهيئة التي يجب تسجيل فني الصيدلة فيها؟
Q677	‏ما هو الواجب الرئيسي للهيئة الصيدلية العامة؟
Q678	‏ما نوع الأخصائي الذي يعتبر أنه فني الصيدلة؟
Q679	‏ما أنواع المسؤوليات التي قد يتحملها فني الصيدلة؟
Q680	‏ما التطورات التي أثر فيها العلماء على إنشاء علم الصيدلة في الإسلام في العصور الوسطى؟
Q681	‏من الذي كان له الفضل في الترويج لاستخدام المركبات الكيميائية كأدوية؟
Q682	‏من هو مؤلف كتاب لايبر سيرفيتوريس؟
Q683	‏من الذي كتب عن تقطير مياه الشرب من ماء البحر؟
Q684	‏ما هما المركبان الذان فرق بينهما الموفق بالله؟
Q685	‏إلى ماذا تخضع المستوصفات في غالبية الدول؟
Q686	‏ما المسؤوليات التي كان يقتصر عليها فنيو الصيدلة سابقًا؟
Q687	‏ما هي الأشياء التي يزيد اعتماد فنيو الصيدلة عليها؟
Q688	‏ما هي المسؤوليات الجديدة التي يتعامل معها فنيو الصيدلة الآن؟
Q689	‏ما هي الأمور التي تفرضها التشريعات الصيدلية؟
Q690	‏بماذا تعنى الصيدلة الاستشارية أساسًا؟
Q691	‏أين يميل معظم الصيادلة الاستشاريين إلى العمل؟
Q692	‏عدد بعضًا من شركات إدارة الصيدليات الكبيرة.
Q693	‏ما هو السبب الرئيسي لعمل الصيادلة الاستشاريين بشكل مباشر مع المرضى؟
Q694	‏ما هي الممارسات التي تقوم بها بعض الصيدليات المجتمعية؟
Q695	‏كيف يتم تنظيم الصيادلة في معظم السلطات القضائية؟
Q696	‏من الذي تحدد معظم السلطات القضائية أنه بإمكانه إعطاء الأدوية المجدولة للناس؟
Q697	‏ما الهيئة التي ذكرت أنه يمكن للأطباء أيضًا الاستغناء عن الأدوية في ظل ظروف محددة؟
Q698	‏ما النسبة التقديرية لعدد الأطباء الذين يقدمون الأدوية بمفردهم؟
Q699	‏ما هو الشيء الذي يُمنع الصيادلة من فعله؟
Q700	‏ما الذي يمكن أن ينجم عن اضطرابات الجهاز المناعي؟
Q701	‏متى يحدث عوز المناعة؟
Q702	‏ما الأشياء التي يسببها عوز المناعة؟
Q703	‏اذكر أحد أسباب عوز المناعة.
Q704	‏اذكر مرضًا من أمراض المناعة الذاتية المشتركة.
Q705	‏ماذا يحدث عندما يكون الجهاز المناعي أقل نشاطًا من المعتاد؟
Q706	‏ما هو المصطلح الذي يطلق على جهاز المناعة المفرط الذي يهاجم الأنسجة الطبيعية؟
Q707	‏ما هو العلم المتخصص في دراسة الجهاز المناعي؟
Q708	‏ما هي النتائج المكتسبة في عوز المناعة لدى البشر؟
Q709	‏ما هي أقوى فئة من الأدوية المضادة للالتهابات؟
Q710	‏مع أي فئات من الأدوية تستخدم جرعات منخفضة من مضادات الالتهاب في بعض الأحيان؟
Q711	‏أعطِ مثالين عن الأدوية القاتلة للخلايا أو المثبطة للمناعة.
Q712	‏أعطِ مثالًا عن عقار مثبط للمناعة يمنع نشاط الخلايا التائية من خلال تغيير مسارات نقل الإشارة.
Q713	‏ما هي الأمثلة على الخلايا المتمايزة الفاعلة التي تبلغ ذروتها خلال فترات الاستيقاظ؟
Q714	‏ما هما الجزيئان المضادان للالتهابات اللذان يصلان إلى الذروة خلال ساعات الاستيقاظ؟
Q715	‏ما هو الجزيء يسبب حدوث الالتهاب أثناء النوم؟
Q716	‏يمكن للميلاتونين أن يقاوم بفعالية إنتاج شيء ما أثناء النوم، ما هو؟
Q717	‏ما هي جزيئات الجهاز المناعي التكيفي الموجودة في الفقاريات الفكية فقط؟
Q718	‏أعطِ مثالين عن الفقاريات الفكية البدائية.
Q719	‏تمتلك الفقاريات الفكية البدائية مجموعة من المستقبلات يشار إليها باسم معين، ما هو هذا الاسم؟
Q720	‏أي جزء من الجهاز المناعي تطور لدى الجد التطوري للفقاريات الفكية؟
Q721	‏ماذا تسمى العملية التي يتم من خلالها تجنب نظام المناعة التكيفي من خلال تغيير الحلقات غير الضرورية؟
Q722	‏أعطِ مثالًا عن فيروسي يستخدم تباين المستضدات.
Q723	‏أعطِ مثالًا عن الطفيلي الذي استخدم استراتيجية تباين المستضدات للتهرب من التدمير.
Q724	‏ما المركبات التي يمكن حجبها بجزيئات الخلية المضيفة من أجل تفادي الفيروس لاكتشافه؟
Q725	‏من الشاعر الذي كتب قصيدة "قناع الفوضى" بعد مذبحة بيترلو؟
Q726	‏تُعتبر قصيدته تمثيلًا لأحد أنواع المظاهرات، ما هو هذا النوع؟
Q727	‏ما هو اسم عقيدة غاندي التي استوحاها من شيلي؟
Q728	‏ما الغاية التي أشار غاندي بقصدها إلى قصيدة شيلي؟
Q729	‏من هو المؤلف الشهير الذي استنسخ أفكار بيرسي شيلي وشابهه في كتاباته؟
Q730	‏من هو كاتب قصيدة قناع الفوضى؟
Q731	‏كتبت قصيدة قناع الفوضى للاحتجاج على شيء، ما هو هذا الشيء؟
Q732	‏ما هو المبدأ الموضح في قصيدة قناع الفوضى؟
Q733	‏ماذا كان اسم عمل غاندي؟
Q734	‏من هو الهندي الشهير الذي مارس العصيان المدني؟
Q735	‏ماذا تسمى المحاولة النشطة للإطاحة بنظام حكومي أو ديني؟
Q736	‏ما هي مجموعة الناس الذين قاموا بالعصيان المدني الثوري تجاه الحكومة النمساوية؟
Q737	‏أجرى المجريون هذا العصيان المدني تحت إشراف شخص ما، من هو هذا الشخص؟
Q738	‏يتم تمييز العصيان المدني الثوري تجاه الثقافة من خلال مثال طرحه أحدهم، من هو هذا الشخص؟
Q739	‏ما هي المواضيع الأخرى التي يمكن أن يتعلق بها العصيان المدني؟
Q740	‏ما هو الشكل البسيط للعصيان المدني؟
Q741	‏لماذا يختار الفرد العصيان المدني ضد قوانين محددة؟
Q742	‏ما هو هدف العصيان المدني الفردي؟
Q743	‏ما هو النوع من العصيان المدني الذي يتم على نطاق واسع؟
Q744	‏ما هي الإجراءات الهندية الشهيرة التي حددت العصيان المدني؟
Q745	‏إن المقاطعة ورفض دفع الضرائب والاعتصامات ومشاريع التهرب تصعّب من عملية ما، ما هي تلك العملية؟
Q746	‏اذكر طريقة من طرق الإغلاق المؤقت لمكتب أمن الاتصالات الحكومية في ايهوباي من قبل منظمة بلوشيرز.
Q747	‏اذكر الطريقة الأخرى للإغلاق المؤقت التي أجرتها منظمة بلوشيرز.
Q748	‏يقول براونلي إنه في بعض الأحيان يتصرف الناس بطريقة ما لكي يتم الاستماع إلى قضيتهم، ما هي هذه الطريقة؟
Q749	‏عندما تقاطع مجموعات كبيرة من الناس نظامًا ما أو لا يدفعون ضرائب، ماذا يمكن اعتبار ذلك؟
Q750	‏ماذا يسمى نوع العصيان ضد الحكومة الفيدرالية؟
Q751	‏ما الآثار الجانبية السيئة لهذا النوع من الاحتجاجات؟
Q752	‏ما الهدف من هذه الاحتجاجات؟
Q753	‏كيف يمكنك الاحتجاج على الشركات الكبرى بطريقة غير عنيفة؟
Q754	‏ما هو الشيء الذي يشعر بعض الناس أنه يجب على بعض العصاة المدنيين معرفته؟
Q755	‏لماذا يوجد حاجة لقبول العقوبة؟
Q756	‏اذكر بعض الأمور التي يحتج بعض الناس ضدها.
Q757	‏ما تسمى المجموعة التي لا تتفق مع الحكومة على الإطلاق؟
Q758	‏لماذا لا يريد مثيرو الفوضى قبول العقوبة؟
Q759	‏ما نوع العقوبة التي يتم تقديمها أحيانًا للعصيان المدني؟
Q760	‏ما هو عادة هدف أخذ العقوبة المخفضة؟
Q761	‏عندما يتم إلقاء القبض على عدد كبير من الناس، ما هو التكتيك المشترك للتفاوض؟
Q762	‏ما هو نوع الالتماس الذي يتم اتخاذه أحيانًا بفعل العصيان؟
Q763	‏من هو الهندي الشهير الذي طلب التماسًا ووضع نفسه تحت رحمة المحكمة؟
Q764	‏ماذا تسمى عملية بناء المباني أو البنى التحتية؟
Q765	‏ما هي العملية التي تشمل عادة على الإنتاج الضخم للسلع المتماثلة دون وجود مشتر معين؟
Q766	‏ما هي النسبة المئوية التي يشكلها البناء من إجمالي الناتج المحلي؟
Q767	‏ما هي العناصر الثلاثة اللازمة لعملية البناء؟
Q768	‏لصالح من يكون البناء في موقع محدد؟
Q769	‏ما هو سجل الأخبار الهندسية؟
Q770	‏من الذي يجمع البيانات حول حجم شركات التصميم والبناء ويبلغ عنها؟
Q771	‏في أي عام جمعت مجلة سجل الأخبار الهندسية البيانات في تسعة قطاعات من السوق؟
Q772	‏ما المعلومات التي تجمعها مجلة سجل الأخبار الهندسية البيانات لتصنيف الشركات الـ 400 الأولى كمقاولين كبار.
Q773	‏ما هي القطاعات الفرعية الثلاثة للبناء؟
Q774	‏هناك فئات أخرى، ماذا تشمل؟
Q775	‏ما هو نظام التصنيف لشركات المقاولات؟
Q776	‏من هم مديرو الإنشاءات؟
Q777	‏ما هي الأشياء التي يسعى الاتجاه الحديث في التصميم إلى دمجها؟
Q778	‏ما الذي كان من المرجح أن يكون عليه المهندسون المعماريون ومصممو الديكور الداخلي والمهندسون والمطورون ومديرو الإنشاءات والمقاولون العامون حتى في الشركات الكبيرة؟
Q779	‏ما هي الصفة التي قد تقدم الشركات بها نفسها للحصول على مشاريع البناء في العصر الحديث؟
Q780	‏ما نوع العقد الذي يتم تقديمه عند إعطاء المقاول مواصفات أداء ويجب عليه تنفيذ المشروع من التصميم إلى البناء مع الالتزام بمواصفات الأداء؟
Q781	‏ما هو الشيء الذي يجب أن يلتزم به المشروع؟
Q782	‏من هو الشخص غير المستفيد في حال فشل المشروع بالالتزام بقوانين البناء؟
Q783	‏ما هو الاعتبار السيء بحد ذاته؟
Q784	‏ما هي اعتبارات حظر الأخطار؟
Q785	‏من الذي قد يسعى إلى إجراء تغييرات أو إعفاءات في القانون الذي ينظم الأرض التي سيتم بناء المبنى فيها؟
Q786	ماذا تسمى المدارس الثانوية الخاصة في ألمانيا؟
Q787	أي نوع من المدارس تكون عليه مدارس إيرغانزونغشولين في الغالب؟
Q788	كيف يتم تمويل مدارس إيرغانزونغشولين؟
Q789	إلى جانب الأفراد والمنظمات الخاصة، ما هي المجموعات التي تدير مدارس إيرغانزونغشولين أحيانًا؟
Q790	ما هو المصطلح الهندي الذي يُطلق على المدارس الخاصة؟
Q791	إلى جانب والمجلس الهندي المعني بامتحانات الشهادات الدراسية والمجلس الوطني الشمالي الشرقي للتعليم المدرسي ما هي لجنة الفحص البارزة في عدة ولايات هندية؟
Q792	كم عدد لجان الفحص الموجودة في الهند؟
Q793	أي هيئة في الهند تقدم توجيهات السياسة العامة للمدارس؟
Q794	ما هو قانون جنوب إفريقيا الذي يعترف بنوعين من المدارس؟
Q795	في أي عام تم إقرار قانون مدارس جنوب إفريقيا؟
Q796	إلى جانب المدارس الحكومية، ما نوع المدارس المعترف بها بموجب قانون مدارس جنوب إفريقيا؟
Q797	ما المدارس التي تصنف على أنها مستقلة إلى جانب المدارس التي يحكمها القطاع الخاص في جنوب إفريقيا؟
Q798	في أي قرن أنشأ المبشرون مدارس كنسية في جنوب إفريقيا؟
Q799	ما هي أنواع المدارس التي يشار إليها على أنها مدارس "نموذج جـ" بعد عهد الفصل العنصري؟
Q800	كيف كانت النتائج الأكاديمية في مدارس النموذج جـ السابقة مقارنة مع المدارس الأخرى؟
Q801	كيف يمكن مقارنة الرسوم في مدارس النموذج جـ السابقة بالرسوم في المدارس الأخرى؟
Q802	ما هي قضية المحكمة التي ألغت الفصل العنصري في المدارس في الولايات المتحدة؟
Q803	ما هو المصطلح المهين للأكاديميات المسيحية التي نشأت في أعقاب الفصل العنصري في المدارس؟
Q804	في أي جزء من الولايات المتحدة هاجر العديد من الطلاب إلى الأكاديميات المسيحية خلال فترة إلغاء التمييز العنصري؟
Q805	ماذا كان العرق الأساسي للطلاب الذين ارتادوا الأكاديميات المسيحية بعد قرار براون؟
Q806	ما هو العرق الذي ازداد عدد طلابه في المدارس الحكومية بعد الفصل بين المدارس في الولايات المتحدة؟
Q807	ما هي المدينة الأمريكية الرئيسية التي تقع الجامعة فيها؟
Q808	ما هو حجم منحة المدرسة؟
Q809	ما النهر الذي يقع في محيط المدرسة؟
Q810	كم وحدة أكاديمية تشكل المدرسة؟
Q811	ما هو اسم المنطقة التي يتركز الحرم الجامعي الرئيسي في كامبريدج؟
Q812	أين يقع ملعب هارفارد؟
Q813	ما هو اسم الجسر الذي يصل جزأي الحرم الجامعي فوق نهر تشارلز؟
Q814	أين تقع كلية الطب وطب الأسنان ومدرسة الصحة العامة بجامعة هارفارد؟
Q815	متى تم سحب الاستثمارات من قبل حركة جنوب إفريقيا؟
Q816	من هو نائب القنصل الجنوب أفريقي الذي حاصره طلاب جامعة هارفارد؟
Q817	كم قللت إدارة هارفارد من مقتنياتها في جنوب إفريقيا استجابة للضغوط؟
Q818	ما هو معدل قبول المتقدمين للعام الدراسي 2019؟
Q819	في أي عام أنهت جامعة هارفارد برنامج القبول المبكر؟
Q820	لماذا أنهت جامعة هارفارد برنامج القبول المبكر؟
Q821	في أي عام تم إعادة تقديم برنامج القبول المبكر؟
Q822	من هو الأمين العام للأمم المتحدة الذي ارتاد هارفارد؟
Q823	من هو الرئيس الكولومبي الذي ارتاد هارفارد؟
Q824	من هو الرئيس الكوستاريكي الذي ارتاد هارفارد؟
Q825	من هو رئيس الوزراء الفلسطيني الذي تخرج من جامعة هارفارد؟
Q826	ما هي أكبر مدينة في فلوريدا من حيث عدد السكان؟
Q827	كم كان عدد سكان مدينة جاكسونفيل في عام 2010؟
Q828	بناءً على عدد السكان فقط، ما هو ترتيب جاكسونفيل في الولايات المتحدة؟
Q829	في أي مقاطعة تقع جاكسونفيل؟
Q830	في أي عام تسبب الاندماج في أن تصبح جاكسونفيل جزء من مقاطعة دوفال؟
Q831	ما النهر الذي يوازي جاكسونفيل؟
Q832	كم تبعد جاكسونفيل عن ميامي؟
Q833	ما اسم المستعمرة الفرنسية التي تأسست عام 1564؟
Q834	من هو الشعب كانت يسكن في المنطقة المعروفة حاليًا باسم جاكسونفيل قبل وصول الفرنسيين؟
Q835	من هي الشخصية التاريخية التي سميت جاكسونفيل باسمها؟
Q836	من رسم خريطة نهر سانت جونز عام 1562؟
Q837	أي دولة طالب ريبولت في البداية أن تكون جاكسونفيل الحالية لها؟
Q838	من الذي قاد الهجوم على المستعمرة الفرنسية في عام 1565؟
Q839	ماذا سميت فورت كارولين بعد الهجوم الاسباني؟
Q840	ما هو الحصن الذي أعيد بناؤه عام 1964؟
Q841	ما الذي دفع السكان إلى تأمين سكن أكثر هدوءًا في الضواحي؟
Q842	كم كان عدد السكان البيض في جاكسونفيل في عام 2010؟
Q843	ما المصطلح يشير إلى مواطني الطبقة الوسطى الذين غادروا الضواحي؟
Q844	من المسؤول عن مشاريع البناء الجديدة في جاكسونفيل؟
Q845	ما هو الحدث العالمي الذي بدأت جاكسونفيل بالتراجع بعده؟
Q846	ما العاصفة التي كان لها الأثر الأكبر على جاكسونفيل؟
Q847	كم كانت سرعة الرياح حول سانت أوغسطين في إعصار عام 1964؟
Q848	ما هو اسم العاصفة التي ضربت جاكسونفيل في مايو 2012؟
Q849	ما هو المقياس الذي يستخدم لقياس قوة الأعاصير؟
Q850	في أي عام تسببت العاصفة المدارية في تعطل الطاقة لمدة أربعة أيام في جاكسونفيل؟
Q851	ماذا قدم ستيغليتز في عام 2009 فيما يتعلق بعدم المساواة العالمية؟
Q852	كيف تمنع عدم المساواة النمو؟
Q853	ماذا يعمل كل من برانكو ميلانوفيتش وجوزيف ستيجليتز؟
Q854	ما هو السبب الرئيسي للتحول إلى الرأي القائل بأن عدم المساواة في الدخل يضر بالنمو؟
Q855	ما أصبح سر النمو الاقتصادي؟
Q856	متى عرض غلور وزيريا معلومات جديدة حول عدم المساواة؟
Q857	إن لعدم المساواة مع وجود عيوب في سوق الائتمان نوع من التأثير على تكوين رأس المال البشري، ما هو هذا التأثير؟
Q858	ماذا بحث بيروتي في دراسته لعام 1996؟
Q859	ما هي المستويات المرتفعة التي يرتبط بها عدم المساواة؟
Q860	ما هو النحو الذي تنحوه المجتمعات غير المتساوية؟
Q861	ما هي الأدلة التي وجدتها بعض الدراسات التي أجريت على عدم المساواة في الدخل؟
Q862	يقول منحنى كوزنتس أنه بوجود التنمية الاقتصادية سينخفض عدم المساواة بعد شيء، ما هو؟
Q863	من الذي يتحدى فكرة فرضية منحنى كوزنتس؟
Q864	ما وظيفة توماس بيكيتي؟
Q865	ما هو أكبر عوامل الحد من عدم المساواة بين 1914-1945 بنظر بيكيتي؟
Q866	متى تم تطوير النظريات التي تشير إلى أن عدم المساواة قد يكون له بعض التأثير الإيجابي على التنمية الاقتصادية؟
Q867	ما هي المدخرات التي تم تعويضها من قبل الأثرياء وفقًا لمراجعة عام 1955؟
Q868	ما هو النو الذي تحقق وفقًا لتقرير عام 2013 حول نيجيريا؟
Q869	كم من الوقت تستغرق الآثار حتى تظهر على أنها تغييرات في النمو الاقتصادي؟
Q870	بماذا ترتبط فترات النمو الأطول؟
Q871	ما الذي يجب فعله لضمان مشاركة أفقر أفراد المجتمع في النمو الاقتصادي؟
Q872	ما الذي يمكن أن تعتمد عليه مرونة نمو الفقر؟
Q873	ما هي الشيء الذي يتطلب تحقيقه مدة طويلة في بلد يتسم بعدم المساواة؟
Q874	ماذا كان منصب بان كي مون؟
Q875	ما هو الشيء الذي لا يكفي معه النمو الاقتصادي فقط؟
Q876	كم مرة يقوم "الدكتور هو" بالسفر وحيدًا؟
Q877	من هو عدو "الدكتور هو" الذي يعتبر سيدًا للوقت أيضًا؟
Q878	ماذا يفعل "الدكتور هو" عندما يتضرر جسمه جدًا؟
Q879	ما نوع الكائنات التي يأخذها "الدكتور هو"عادةً في رحلاته؟
Q880	ما نوع الأسياد التي يعتبر "الدكتور هو" منه؟
Q881	ماذا كان اسم أول جزء من سلسلة "الدكتور هو"؟
Q882	ما هو اسم حفيدة "الدكتور هو"؟
Q883	في أي عام ذكر "الدكتور هو" أنه كان آخر سيد للوقت؟
Q884	ما هي الحالة التي كان الطبيب يعتقد أن كوكبه الوطن عليها في عام 2005؟
Q885	في أي جزء اعترف الطبيب بوجود أخ له؟
Q886	ماذا كان جنس المرافقين الأساسيين الذين يسافرون مع "الدكتور هو" منذ عام 2005؟
Q887	من هم المرافقون الثانويون للطبيبين التاسع والعاشر؟
Q888	من هو الطبيب الأول الذي سافر مع زوجين متزوجين؟
Q889	من هو المرافق للسلسلة العاشرة من إعادة الإحياء؟
Q890	من لعب دور المرافقة التي اسمها "دونا نوبل"؟
Q891	من كان الموزع الموسيقي الأكثر شيوعًا لـ "الدكتور هو" في السنوات الخمس عشرة الأولى من العرض؟
Q892	ماذا كان اسم أول عمل يقدمه سيمبسون في سلسلة "الدكتو هو"؟
Q893	في أي عقود كان دودلي سيمبسون أكثر نشاطًا في المساهمة في "الدكتور هو"؟
Q894	ما هو آخر جزء من سلسلة "الدكتور هو" ألف دودلي سيمبسون الموسيقى له؟
Q895	في أي جزء لعب دودلي سيمبسون دور قائد الفرقة الموسيقية؟
Q896	من الذي لعب دور الطبيب الذي على المسرح في السبعينات؟
Q897	ماذا كان اسم مسرحية "الدكتور هو" في الثمانينات؟
Q898	ما هو جزء "الدكتور هو" الذي لم يكن فيه طبيب؟
Q899	ماذا كان اسم المسرحية التي تم تقديمها في الثمانينات؟
Q900	من هو الممثل الذي كان بديلًا ليلعب دور "الدكتور هو" بسبب مرض الشخصية الرئيسية؟
Q901	.ما هي أول مباني بنتهاالجامعة معروفة إلى اليوم؟
Q902	كم عدد المربعات التي تحتويها المربعات الرئيسية؟
Q903	من الذي ساعد في تصميم المربعات الرئيسية؟
Q904	تم تصميم برج ميتشل ليبدو وكأنه برج أكسفورد؟
Q905	تم تصميم قاعة هتشنسون لتبدو وكأنها قاعة أكسفورد؟
Q906	خلال أي عقد بدأ الحرم الجامعي في أن يبدو أكثر حداثة؟
Q907	من الذي كُلِّفَ بتصميم خطة رئيسية ثانية؟
Q908	ما هي الإدارة التي صمَّمَ لها لودفيج ميس فان دير روه بناء؟
Q909	ما هي مدرسة السياسة العامة وجدت موطنها في المبنى الذي صممه لودفيج ميس فان دير روه؟
Q910	متى تم إنشاء مركز جيرالد راتنر لألعاب القوى؟
Q911	ما هو اسم المدرسة النهارية الخاصة لطلاب المرحلة كي-12 التي تديرها الجامعة؟
Q912	ما هو اسم برنامج العلاج المُقيم الذي تديره الجامعة؟
Q913	كم عدد المدارس العامة المستأجرة التي تديرها الجامعة؟
Q914	بإدارة ماذا يساعد معهد التعليم الحضري؟
Q915	أين تقع مدرسة هايد بارك النهارية؟
Q916	ما هو الرئيس التنفيذي لشركة مايكروسوفت إلا أيضاً خريج لجامعة شيكاغو؟
Q917	من الذي كان مؤسس شركة أوراكل؟
Q918	من هو ثالث أغنى رجل في أمريكا؟
Q919	ما هو الرئيس التنفيذي لشركة جولدمان ساكس إلا أيضاً من خريجي جامعة شيكاغو؟
Q920	من الذي أسس ماكينزي وشركاؤه؟
Q921	من الفائز بجائزة نوبل في العلوم الاقتصادية والذي هو أيضاً عضو من خريجي الجامعة؟
Q922	من مستشار رئيس الوزراء البريطاني والذي هو أيضا عضو من خريجي الجامعة؟
Q923	من كان أول أمريكي يفوز بجائزة نوبل التذكارية في العلوم الاقتصادية؟
Q924	أي عضو من خريجي الجامعة اشتهر بعمله في نظرية الحافظة؟
Q925	متى كانت إدارة كوبلاي تنفد من المال؟
Q926	ما الذي تدخل في غزو كوبلاي الثاني لليابان؟
Q927	أين حكمت سلالة تران؟
Q928	في أي معركة هُزِم المغول من قبل تران؟
Q929	متى هُزِم المغول من قبل تران؟
Q930	من كان ابن أيورباروادا؟
Q931	متى كان جيجن الامبراطور؟
Q932	من الذي عيَّنه جيجين كمستشار كبير؟
Q933	ماذا عنت "دا يوان تونغ زهي"؟
Q934	كم عدد الأمراء المنافسين الذين شاركوا في اغتيال جيجين؟
Q935	ما هي الثقافات التي كانت جزءاً من إدارة كوبلاي؟
Q936	ما هي السلالات التي ألهمت العناصر الشبيهة بالصينية في حكومة كوبلاي؟
Q937	من كانا اثنان من مستشاري كوبلاي الصينيين؟
Q938	ما نوع تقسيم السلطة الذي كانت تتمتع به حكومة كوبلاي؟
Q939	ماذا كانت الأجزاء الثلاثة لحكومة كوبلاي؟
Q940	ماذا كان هويهوي؟
Q941	من الذي أسس مكتب الطب الغربي؟
Q942	متى تم تأسيس مكتب الطب الغربي؟
Q943	أي جانب من الطب الغربي كره الصينيون؟
Q944	ما الفلسفات التي يقوم عليها الطب الصيني؟
Q945	من يعتقد أن نظام الطبقة الاجتماعية في يوان لا ينبغي أن يسمى الطبقات الاجتماعية؟
Q946	ماذا اعتقد موت أن نظام الطبقة يوان مثَّل حقاً؟
Q947	كان هناك العديد من الصينيين في أي حالة غير متوقعة؟
Q948	كان هناك العديد من المغوليين في أي حالة غير متوقعة؟
Q949	أين موقع كينيا على مقياس مؤشر مدركات الفساد؟
Q950	ماذا قياس مؤشر مدركات الفساد؟
Q951	أين تقع كينيا على المقياس في عام 2012؟
Q952	كيف تكبح كينيا الفساد؟
Q953	متى قام كيباكي وأودينغا بتوقيع اتفاق حول تشكيل الحكومة؟
Q954	ماذا سيكون دور أودينغا في الحكومة؟
Q955	من أين عيّن الرئيس أعضاء مجلس الوزراء؟
Q956	كيف تم تحديد عدد الذين سيتم تعيينهم من كل معسكر؟
Q957	كم من الوقت سيستمر هذا التحالف؟
Q958	ماذا كانت نتيجة انتخابات 2007؟
Q959	من الذي قرر عدم المجيء لزيارة البلاد في عام 2013؟
Q960	أين زار كينياتا بدعوة من الرئيس؟
Q961	متى قام أوباما أخيراً بزيارة كينيا؟
Q962	أين يعمل معظم الأطفال العاملين؟
Q963	ما هي نسبة الفتيات اللاتي يعشن في المناطق الساحلية في كينيا؟
Q964	ما هي الفئة العمرية لمعظم المومسات في كينيا؟
Q965	ما هي بعض أسباب عمل الأطفال؟
Q966	ما هي الرياضات التي ينشط فيها الكينيون؟
Q967	بما تشتهرالبلد؟
Q968	من يهيمن على عالم الجري لمسافات طويلة؟
Q969	ما هي الدول التي تتنافس معها كينيا على الجري لمسافات طويلة؟
Q970	من هو رئيس الفريق الحكومي الدولي المعني بتغير المناخ؟
Q971	ما هي جنسية هويسنج لي؟
Q972	من هو نائب رئيس الفريق الحكومي الدولي المعني بتغير المناخ؟
Q973	من كان الرئيس الأول للفريق الحكومي الدولي المعني بتغير المناخ؟
Q974	متى استقال باشوري من رئاسة الفريق الحكومي الدولي المعني بتغير المناخ؟
Q975	ماذا يقول تقرير "مجموعة العمل الأول" لمُقَرِّري السياسات عن ما تقوم به الأنشطة البشرية لغازات الدفيئات؟
Q976	ما سبَّبَ زيادة غازات الدفيئة؟
Q977	ما مقدار تأثير الدفيئة الناتج عن ثاني أكسيد الكربون؟
Q978	ما هو السيناريو يسَمَّى الذي لا نغير فيه ممارسات إنشاء غازات الدفيئة لدينا؟
Q979	كم تَغَيَّر متوسط ​​درجة حرارة الهواء السطحي العالمي في القرن الماضي؟
Q980	ماذا قال الفريق الحكومي الدولي المعني بتغير المناخ وكان فيه مخطئاً؟
Q981	عن ماذا اعتذر الفريق الحكومي الدولي المعني بتغير المناخ؟
Q982	ما كان مصدر الخطأ؟
Q983	ما التقرير الذي كان لديه التاريخ الصحيح؟
Q984	وإعادات تعمير لبريفا أُضِيفت مع إعادة بناء "إم بي إتش99" في الشكل 2.21 من تقرير الفريق الحكومي الدولي المعني بتغير المناخ. متى تم نشر الورقة التي استند إليها الرسم البياني "إعادة بناء درجة حرارة نصف الكرة الشمالي الألفي"؟
Q985	من كتب الورقة التي استند إليها الرسم البياني "إعادة بناء درجة حرارة نصف الكرة الشمالي الألفي"؟
Q986	ما هو لقب الرسم البياني "إعادة بناء حرارة نصف الكرة الشمالي"؟
Q987	ما هي إعادة البناء التي دعمت معلومات ورقة 1999؟
Q988	ما الذي تعامل بنجاح مع استنفاد الأوزون؟
Q989	ما الذي حاول بروتوكول كيوتو معالجته؟
Q990	أهداف من لا تزال غالباً تعارض الفريق الحكومي الدولي المعني بتغير المناخ؟
Q991	أي نوع من الخلايا دخلت البكتيريا الزرقاء منذ فترة طويلة؟
Q992	منذ متى دخلت البكتيريا الزرقاء خلية؟
Q993	ما يحيط بالبلاستيدات الخضراء؟
Q994	أي نوع من الأغشية جاء من المضيف؟
Q995	ماذا حدث عندما تم استيعاب البكتيريا الزرقاء؟
Q996	ماذا يعني البلاستيد؟
Q997	كم عدد سلالات البلاستيدات الخضراء؟
Q998	ماذا يعني رودوفيت؟
Q999	ماذا يعني كلوروبلاستيد؟
Q1000	أي سلالة تشمل النباتات البرية؟
Q1001	ما هو اختصار الحمض النووي للبلاستيدات الخضراء؟
Q1002	ما هو مرادف للحمض النووي للبلاستيدات الخضراء ؟
Q1003	متى تم اكتشاف البلاستوم؟
Q1004	متى تم سَلسَلِة أول البلاستوم؟
Q1005	من الذي سَلسَلِ أول بلاستوم؟
Q1006	ما الذي يُظهر لنا البلاستيدات الخضراء المفقودة؟
Q1007	ما الدليل الذي تقدمه الجينات المُتَبَرَّع بها؟
Q1008	أي نوع من البلاستيدات الخضراء لديها الدياتومات؟
Q1009	أي نوع من البلاستيدات الخضراء كان لدى الدياتومات وخسرته؟
Q1010	ما هو الدليل أن البلاستيدات الخضراء منحدرة من البكتيريا الزرقاء المتجانسة؟
Q1011	ما هو الإعتقاد الخاطئ حول غشاء البلاستيدات الخضراء الخارجي؟
Q1012	كيف يمكن مقارنة كلا أغشية البلاستيدات الخضراء بأغشية البكتيريا الزرقاء الأصلية؟
Q1013	ما هو المقسوم الوحيد إلى جانب 1 الذي يمكن أن يكون لعدد أولي؟
Q1014	ما هي الأرقام التي يزيد عددها عن 1 والتي يمكن تقسيمها على 3 أرقام أو أكثر تسمى؟
Q1015	ما هي النظرية التي تحدد الدور الرئيسي للأعداد الأولية في نظرية الأعداد؟
Q1016	يمكن تمثيل أي عدد أكبر من 1 كمنتج لماذا؟
Q1017	لماذا يجب استبعاد ال1 من أجل الحفاظ على تَفرُّد النظرية الأساسية؟
Q1018	ما هو اسم العقار الذي يعين رقماً على أنه أولي أم لا؟
Q1019	ما هو اسم العملية التي تؤكد أولوية العدد ن؟
Q1020	ما هو اسم خوارزمية واحدة مفيدة للاختبار بشكل مناسب بدائية الأعداد الكبيرة؟
Q1021	ما هو اسم خوارزمية أخرى مفيدة للاختبار بشكل مناسب بدائية الأعداد الكبيرة؟
Q1022	اعتباراً من يناير 2016 ، كم عدد الأرقام التي يتكون منها العدد الأولي المعروف؟
Q1023	ما يحمل التخمين أن هناك كمية لا حصر لها من الأعداد الأولية التوأم؟
Q1024	ما هو العدد الأولي التوأم؟
Q1025	أي تخمين يحمل أنه لأي عدد صحيح موجب ن، هناك كمية لا حصر لها من أزواج الأعداد الأولية المتتالية التي تختلف بمقدار 2ن؟
Q1026	ما هو الشكل الذي لا حصر له من الأعداد الأولية الذي يشمل الحالات الخاصة بفرضية شينزل؟
Q1027	ما الذي يحمله التخمين أنه يوجد دائماً 4 أعداد أولية على الأقل بين مربعات الأعداد الأولية المتتالية التي تزيد عن 2؟
Q1028	ماذا تعني كلمة برايم بشكل عام؟
Q1029	بالنسبة لحقل اف يحتوي على 0 و1، ماذا سيكون الحقل الأولي؟
Q1030	كيف يمكن الإشارة إلى أي عقدة بوضوح؟
Q1031	ما المقصود بالمعنى الإضافي عند استخدام كلمة برايم؟
Q1032	ماذا يعني أن تكون العقدة غير قابلة للتلف؟
Q1033	ماذا يحدث للقاعدة عندما يتم ضرب رقم في بي؟
Q1034	إلى ومن ماذا يمكن نقل الحقول العالمية العامة؟
Q1035	إكمال كيو فيما يتعلق بما سينتج مجال الأعداد الحقيقية؟
Q1036	ما المبدأ الذي يسلط الضوء على أهمية الأعداد الأولية في نظرية الأعداد؟
Q1037	ما يتدفق بين بونجن وبون؟
Q1038	ما هو المضيق بين بينجن و بون؟
Q1039	كيف تم تشكيل مضيق الراين؟
Q1040	ما هي تسمى المنطقة التي بالقرب من مضيق الراين مع القلاع من العصور الوسطى؟
Q1041	ما يتدفق بين بنجن وبون؟
Q1042	أين يتدفق نهر الراين الأوسط بين بنجن وبون؟
Q1043	ما هو المعروف عن مضيق الراين؟
Q1044	ما يُطبق على الجزء من مضيق الراين المعترف به من قبل اليونسكو؟
Q1045	ما هو اسم الدلتا في هولندا؟
Q1046	من أين يبدأ الدلتا في هولندا؟
Q1047	ما هو لقب الدلتا في هولندا؟
Q1048	متى بدأت آخر فترة جليدية؟
Q1049	متى انهت الفترة الجليدية الأخيرة؟
Q1050	في أي اتجاه تدفق نهر الراين خلال المرحلة الباردة الأخيرة؟
Q1051	كم كان البحر الشمالي في المرحلة الباردة الأخيرة أقل مما هو عليه اليوم؟
Q1052	إلى جانب بحر الشمال والقناة الأيرلندية، ما الذي تم تخفيضه في المرحلة الباردة الأخيرة؟
Q1053	متى بدأت أوروبا ببطء في عملية الاحترار منذ آخر عصر جليدي؟
Q1054	بماذا بدأ ما تحت التربة المتجمد والأنهار الجليدية الممتدة في جبال الألب بفعله؟
Q1055	أين ذهب مياه التصريف من الأنهار الجليدية في أوروبا في العصر الجليدي الأخير؟
Q1056	متى بدأ الاحترار السريع وساعد بالغطاء النباتي؟
Q1057	متى كانت أوروبا غابات بالكامل وانتعشت من العصر الجليدي الأخير؟
Q1058	متى كانت راينلاند خاضعة لمعاهدة فرساي؟
Q1059	متى يغادر احتلال الحلفاء راينلاند؟
Q1060	بعد عام 1935، من يُحظَر من دخول راينلاند؟
Q1061	ماذا يعتقد البعض أن معاهدة فرساي ساعدت؟
Q1062	متى احتل الجيش الألماني راينلاند؟
Q1063	أين تم إنشاء جمعية منتخبة، بموجب أحكام قانون اسكتلندا لعام 1978؟
Q1064	كم من الناخبين الاسكتلنديين سيحتاجون لذلك في الاستفتاء؟
Q1065	ما هي النسبة المئوية من التصويت لصالح الجمعية الاسكتلندية؟
Q1066	كيف جرت محاولة تأسيس الجمعية الاسكتلندية المنقولة عام 1979؟
Q1067	ما هي النسبة المئوية من سكان اسكتلندا المؤهلين للتصويت الذين فشلوا في التصويت في الواقع؟
Q1068	أين تتم الكثير من أعمال البرلمان الاسكتلندي؟
Q1069	ما هي اللجان في البرلمان الاسكتلندي مقارنةً بالأنظمة الأخرى؟
Q1070	ما هي إحدى الطرق التي يتم تعويضها من خلال وجود لجان تخدم هذا الدور الكبير؟
Q1071	أخذ الأدلة من الشهود هو أحد لجان ماذا؟
Q1072	أين يمكن أن تجتمع اللجان خارج البرلمان؟
Q1073	ما الذي تم إعداده لفحص الفواتير الخاصة المُقَدَّمَة من أطراف خارجية في الحزب؟
Q1074	ما الموضوع الخاص بالفواتير الخاصة يكون عادةً؟
Q1075	من يقرر كيف يُسمح باستخدام الأراضي أو الممتلكات؟
Q1076	ما نوع اللجنة التي نظرت في التشريعات المتعلقة بتطوير شبكة ترام أدنبره؟
Q1077	ما هو اسم الأمور خارج القدرة التشريعية للبرلمان الاسكتلندي؟
Q1078	القضايا التي يتم تناولها في وستمنستر مَن هو القادر على التعامل معها؟
Q1079	أين يتم تشريع قضايا مثل الإجهاض وسياسة الأدوية؟
Q1080	معظم جوانب سلامة النقل موضوع يتناوله مَن؟
Q1081	بماذا يشارك الكون مُزَوِّد خدمة مُدارَة مع مجلس العموم؟
Q1082	متى تم تمرير قانون الجنسية البريطانية؟
Q1083	كم يجب أن يبلغ عمر الشخص الذي يتقدم بطلب ليصبح مُزَوِّد خدمة مُدارَة؟
Q1084	أعضاء أي منظمات يتم استبعادها من العضوية في الحزب الشيوعي بصفتها أعضاء منتخبة كمُزَوِّدي خدمة مُدارَة؟
Q1085	ما الحُكم الذي يحدد مصطلح الحكم على حدود التعقل التي يجب على الأفراد الراغبين في الجلوس في الحزب الشيوعي الالتزام بها؟
Q1086	أي نوع من الدور الذي تسعى إليه الإسلامية يجعلها مفهوماً مثيراً للجدل إلى حدٍ ما؟
Q1087	ما الذي يؤمن مؤيدو الإسلامية بأنه تعكسه وجهات نظرهم؟
Q1088	فكرة أن الإسلام يمكن أن يكون غير سياسي لا يمكن تبنيه من قِبَل مَن؟
Q1089	إلى دعم ماذا عدم القدرة على فصل الإسلام عن الإسلامية يدفع الكثيرين في الغرب؟
Q1090	ماذا يسعى المعتدلون التَقَدُّمِيون في الإسلام إلى فصله؟
Q1091	ما نوع حركة الإخوان المسلمين؟
Q1092	كفاءة الإخوان المسلمين تُقَارَن بشكل جيد مع أي نوع من الحكومات المحلية؟
Q1093	ما نوع المساعدة التي يقدمها الإخوان المسلمون للطلاب خارج المدينة؟
Q1094	ما هو التزام الحكومة غير الكُفُؤ بالعدالة الاجتماعية؟
Q1095	لماذا قامت جماعة الإخوان المسلمين بتيسير مراسم الزواج الجماعي غير المكلفة؟
Q1096	ما الذي كان يدرسه إقبال في إنجلترا وألمانيا؟
Q1097	ما هي المنظمة التي انضم إقبال إليها في لندن؟
Q1098	لمَن كان إقبال ناقد؟
Q1099	في أي عام عاد إقبال إلى لاهور؟
Q1100	ما الكتاب الذي نُشرت فيه محاضرات إقبال الإنجليزية السبعة؟
Q1101	ما نوع النظام الذي حكم السودان لسنوات عديدة؟
Q1102	من كان قائد النظام الإسلامي في السودان؟
Q1103	ما هي المنظمة التي دعا منها الجنرال جعفر النميري أعضاءً للخدمة في حكومته؟
Q1104	كيف بنى ترابي قاعدة اقتصادية قوية؟
Q1105	أين وضع ترابي الطلاب المُتَعَاطِفِين مع آرائه؟
Q1106	ما نوع الجماعة هي الدولة الإسلامية؟
Q1107	من يقود الدولة الإسلامية؟
Q1108	كم عدد الناس الذين سيطرت عليهم الدولة الإسلامية من مناطق مارس 2015؟
Q1109	ماذا تفتقد الدولة الإسلامية من المجتمع الدولي؟
Q1110	ماذا أعلن تنظيم الدولة الإسلامية نفسه في عام 2014؟
Q1111	أين ولد فريدريش راتزل؟
Q1112	أين ولد هالفورد ماكيندر؟
Q1113	أي نوع من الجغرافيين كان كل من فريدريش راتزل وهالفورد ماكيندر؟
Q1114	ماذا كانت الامبريالية بالنسبة للوطن في اعتقاد فريدريش راتزل؟
Q1115	كيف كانت الجمعيات الجغرافية في أوروبا تدعم بعض الرحالة؟
Q1116	يشير الاستشراق إلى كيفية تطوير الغرب لماذا بخصوص الشرق؟
Q1117	النصوص الغربية المبكرة التي تشير إلى الشرق تصف الناس بكونهم ماذا؟
Q1118	رأى الغرب الشرق على أنه ماذا؟
Q1119	ما الذي استخدمه الغرب لتبرير السيطرة على الأراضي الشرقية؟
Q1120	رأى الغرب أنفسهم على أنهم ماذا مقارنة بالشرق؟
Q1121	عندما تؤثر الامبريالية على العادات الاجتماعية لدولة ما، ماذا تسمى عندها؟
Q1122	بماذا يشار إلى الامبريالية الثقافية في الكثير من الأحيان؟
Q1123	أي مسلسل أمريكي غير من رؤى الرومانيين خلال الحرب الباردة؟
Q1124	أي امبراطورية تاريخية استخدمت الامبريالية الثقافية للهيمنة على النخب المحلية؟
Q1125	كيف تقاتل الأنظمة ضد الامبريالية الثقافية؟
Q1126	يتناقش البعض حول أن هناك علاقة بين الرأسمالية والإمبريالية وماذا؟
Q1127	متى تم التفكير في المجمع العسكري-السياسي ضمن نطاق فهم الإمبريالية؟
Q1128	متى كان جوزيف شومبيتر ونورمان أنجل في فترة ذروة انتاجهم الكتابي؟
Q1129	جادل هوبسون أن الإمبريالية كانت ماذا على المستوى الدولي؟
Q1130	كيف جادل هوبسون لتخليص العالم من الإمبريالية؟
Q1131	متى سيطرت فرنسا على الجزائر؟
Q1132	متى بدأت فرنسا بجدية في إعادة بناء إمبراطوريتها العالمية؟
Q1133	أي دين نشر الفرنسيون إلى جانب امبرياليتهم؟
Q1134	أين ركزت فرنسا جهودها لإعادة بناء إمبراطوريتها؟
Q1135	متى دعم الفرنسيون الجمهوريون بناء الامبراطورية الفرنسية؟
Q1136	متى بدأت الحركة التي ستصبح الكنيسة الميثودية المتحدة؟
Q1137	أين بدأت الحركة التي ستصبح الكنيسة الميثودية المتحدة؟
Q1138	لماذا سميت مجموعة الطلبة "الميثوديون"؟
Q1139	ما هو فريق العمل الذي تم تنظيمه للتماهي مع الموقف المؤيد للحياة؟
Q1140	في أي عام كانت هناك محاولة لسحب عضوية UMC؟
Q1141	من هو رئيس TUMAS؟
Q1142	تاريخيا، ما هي الحركة التي دعمتها الكنيسة الميثودية؟
Q1143	متى دعا المجلس العام للكنيسة والمجتمع في UMC جميع الميثوديين المتحدين إلى الامتناع عن تناول الكحول من أجل الصوم الكبير؟
Q1144	ما اسم خطبة ويسلي الشهيرة التي حذر فيها من مخاطر شرب الخمر؟
Q1145	ماذا تستخدم الكنيسة الميثودية المتحدة في طقوس العشاء الرباني؟
Q1146	ماذا يعارض UMC بسبب أنه غير متوافق مع تعاليم الكتاب المقدس؟
Q1147	ما الشيئان اللذان تنص الكنيسة على أنهم، كمسيحيين، فهم يدركون أنهما ليسا عملين صالحين عند الله؟
Q1148	تدعم الكنيسة الأشخاص الذين يعارضون ضميريًا ماذا؟
Q1149	من الذي رسّم أول رجال دين ميثوديين؟
Q1150	ماذا يخدم رجال الدين عادةً في الأبرشيات المحلية؟
Q1151	الحكماء في اتصال كامل كل واحد منهم عضو في ماذا؟
Q1152	كل شماس في اتصال كامل هو عضو في ماذا؟
Q1153	ما الإطار الزمني الذي تغطيه حرب السنوات السبع؟
Q1154	كم دام القتال في حرب السنوات السبع؟
Q1155	متى تم الاستيلاء على مونتريال؟
Q1156	ما هي أول معركة في 1754؟
Q1157	كم كانت نسبة المستوطنين البريطانيين إلى الفرنسيين؟
Q1158	أين كان المستوطنون البريطانيون يعيشون؟
Q1159	أين كان السكان متمركزين في مستعمرات؟
Q1160	كم عدد الرجال الذين أرسلهم دوكان للتخفيف عن سان بيير؟
Q1161	متى بدأ البريطانيون بتشييد حصن تحت قيادة ويليام ترنت؟
Q1162	ماذا كان سيتم تسمية الحصن الذي كان في طور البناء؟
Q1163	عند علمه بوجود فرقة كشافة فرنسية في المنطقة، ماذا فعل واشنطن؟
Q1164	ماذا كانت خسائر المعركة؟
Q1165	لماذا كان تاناغريسون يدعم الجهود البريطانية؟
Q1166	من الذي تم تعيينه كنائب للور لودون عام 1756؟
Q1167	من قاد التعزيزات الفرنسية الجديدة في 1756؟
Q1168	متى أعلنت إنجلترا الحرب رسمياً غلى فرنسا؟
Q1169	من قدم نقاشاً فلسفياً حول القوة؟
Q1170	أي شيء كان مفهوم القوة جزءً لا يتجزأ منه؟
Q1171	كم من العناصر اعتقد أرسطو أن الكرة الأرضية تتكون منها؟
Q1172	أين اعتقد أرسطو بوجود المكان الطبيعي لعناصر الأرض والماء؟
Q1173	بماذا أشار أرسطو إلى الحركة القسرية؟
Q1174	من صاغ النظرية العامة للجاذبية؟
Q1175	في أي قرن تم وضع ميكانيكا الكم؟
Q1176	ما نوع النماذج المتسقة ذاتياً التي يحاول الفيزيائيون صنعها والتي من شأنها خلق نظرية لكل شيء؟
Q1177	أي نوع من النماذج الفيزيائية فشل آينشتاين في وضعه؟
Q1178	أي نظرية تشرح الجاذبية بأفضل وجه؟
Q1179	ما هو مسار الزمكان الذي يُرى كخط منحني في الفضاء؟
Q1180	ماذا يسمى مشتق الزخم المتغير لجسم ما؟
Q1181	بأي منظور يجب عليك أن ترصد انحناء الزمكان؟
Q1182	ما هو معدل الوقت لتغير الشحنة الكهربائية؟
Q1183	ما هي القوة المغناطيسية والكهربائية التي تؤثر على الشحنة؟
Q1184	ماذا يسمى القانون الذي يحدد شحنة تتحرك خلال مجال مغناطيسي؟
Q1185	القوة الكهرستاتيكية والمغناطيسية مكتوبتان كمجموع ماذا؟
Q1186	ما الذي يسبب الإجهاد في البنيات؟
Q1187	ما الذي يتم استخدامه لحساب مساحة المقطع العرضي في حجم جسم ما؟
Q1188	ما الذي يرتبط مع القوى الطبيعية؟
Q1189	ما الذي يتضمن شروط الضغط عند حساب المساحة في الحجم؟
