Q0	How many points did the Panthers defense surrender?
Q1	How many career sacks did Jared Allen have?
Q2	How many tackles did Luke Kuechly register?
Q3	How many balls did Josh Norman intercept?
Q4	Who registered the most sacks on the team this season?
Q5	How many interceptions are the Panthers defense credited with in 2015?
Q6	Who led the Panthers in sacks?
Q7	How many Panthers defense players were selected for the Pro Bowl?
Q8	How many forced fumbles did Thomas Davis have?
Q9	Which player had the most interceptions for the season?
Q10	How many 2015 season interceptions did the Panthers' defense get?
Q11	Who had five sacks in nine games as a Carolina Panthers starter?
Q12	Who was the Panthers' tackle leader for 2015?
Q13	How many interceptions did Josh Norman score touchdowns with in 2015?
Q14	Who lost to the Broncos in the divisional round?
Q15	How many points did the Broncos score in the last three minutes of the game versus Pittsburgh?
Q16	Who won Super Bowl XLIX?
Q17	What was the final score of the AFC Championship Game?
Q18	How much time remained on the clock when the Broncos made the interception that clinched the AFC Championship Game?
Q19	What team was the divisional round winner between the Broncos and Steelers?
Q20	What was the final score of the game between the Broncos and Steelers?
Q21	Who won Super Bowl XLIX?
Q22	How many seconds were left in the game when the Broncos intercepted the pass that won the game?
Q23	During the Bronco's playoff games, who did not throw at all?
Q24	Who did the Broncos beat in the divisional game?
Q25	How many points did the Broncos score in the final three minutes of the Pittsburgh game?
Q26	Who did the Broncos defeat in the AFC Championship game?
Q27	Who did the Broncos beat to win their division in 2015?
Q28	Who did the Broncos beat tp become the AFC champions?
Q29	How many seconds were left in the game when the Patriots failed their 2-point conversion?
Q30	How old was Peyton Manning when he played in Super Bowl 50?
Q31	Who previously held the record for being the oldest quarterback to play in a Super Bowl?
Q32	How old was John Elway when he played in Super Bowl XXXIII?
Q33	What role does John Elway currently have in the Broncos franchise?
Q34	Who did John Elway play for in Super Bowl XXXIII?
Q35	What team was the winner of Super Bowl XXXIII?
Q36	Who is the General Manager for the Broncos?
Q37	How old was Elway during his Super Bowl XXXIII win?
Q38	Who has the record of being the oldest quarter back in any Super Bowl game?
Q39	How many teams has Manning played for that reached the Super Bowl, while he was on their team?
Q40	Peyton Manning took how many different teams to the Super Bowl?
Q41	Who is the oldest quarterback to play in a Super Bowl?
Q42	Prior to Manning, who was the oldest quarterback to play in a Super Bowl?
Q43	Which Super Bowl did Elway win at 38 years old?
Q44	Who was the first quarterback to take two teams to more than one Super Bowl?
Q45	How old was Manning when he played Super Bowl 50?
Q46	What is the name of the quarterback who was 38 in Super Bowl XXXIII?
Q47	How many Grammys has Lady Gaga won?
Q48	What did Lady Gaga sing?
Q49	What award has Marlee Matlin won?
Q50	What did Marlee Matlin translate?
Q51	Into what language did Marlee Matlin translate the national anthem?
Q52	Who sang the national anthem?
Q53	What actress did the ASL translation for the game?
Q54	Who did the National Anthem at Super Bowl 50?
Q55	What actor did sign language for the National Anthem at Superbowl 50?
Q56	Who did the Super Bowl 50 National Anthem?
Q57	How many Grammy Award's does the text say Lady Gaga has won?
Q58	Who did the sign language of the National Anthem at Super Bowl 50?
Q59	On what yard line did Carolina begin with 4:51 left in the game?
Q60	Who fumbled the ball on 3rd-and-9?
Q61	What Panther defender was called for holding on third down?
Q62	What player punched the ball in from the 2?
Q63	Who was the receiver on the successful 2-point conversion?
Q64	Who stripped the ball from Newton on a 3rd and nine?
Q65	Who recovered the strip ball?
Q66	Which player was criticized for not jumping into the pile to recover the ball?
Q67	Which Panthers player got a penalty, which gave the Broncos a new set of downs?
Q68	How much time was left in the game when Denver took the score to 24-10?
Q69	What was the time on the clock when Carolina got the ball to their 24-yard line in the fourth quarter?
Q70	What was the last name of the player who took the ball away from Newton late in the fourth quarter?
Q71	What is the last name of the player who finally recovered the ball Newton lost in the fourth quarter?
Q72	How many plays was Denver kept out of the end zone after getting the ball from Newton?
Q73	What is the last name of the player who scored a 2-yard touchdown in the fourth quarter?
Q74	What is the Saxon Garden in Polish?
Q75	Where was the Summer Theatre located?
Q76	How long was the Summer Theatre in operation?
Q77	What was Warsaw's first literary cabaret?
Q78	What theatre was the best example of "Polish monumental theatre"?
Q79	Who won the Ekstraklasa Championship in 2000?
Q80	When did Polonia Warsaw win the country's championship prior to 2000?
Q81	How many times has Polonia won the cup?
Q82	Where is Polonia's home venue located?
Q83	Why was Polonia relegated from the country's top flight in 2013?
Q84	What type of city has Warsaw been for as long as it's been a city?
Q85	What was Warsaw's population in 1901?
Q86	Of Warsaw's inhabitants in 1901, what percentage was Catholic?
Q87	What percentage of Warsaw's population was Protestant in 1901?
Q88	When were most of the places of religious worship destroyed in Warsaw?
Q89	What is the basic unit of territorial division in Poland?
Q90	What is the second level of territorial division in Poland?
Q91	In what districts are the registration numbers for cars all of the same type?
Q92	When was Warsaw's first stock exchange established?
Q93	What brought Warsaw's stock exchange to a stop?
Q94	When was Warsaw's stock exchange brought back to life?
Q95	How many companies were listed on the WSE on August 2009?
Q96	Whose former headquarters was the WSE located in until 2000?
Q97	Who upon arriving gave the original viking settlers a common identity?
Q98	What was the name of the leader ennobled by Henry III
Q99	Who was Count of Melfi
Q100	Who was the Normans' main enemy in Italy, the Byzantine Empire and Armenia?
Q101	What was the name of the Norman castle?
Q102	Who was the leader when the Franks entered the Euphrates valley?
Q103	Who did the Normans team up with in Anatolia?
Q104	What continent are the Canarian Islands off the coast of?
Q105	What year did Tesla die?
Q106	What was named "The Tesla" in his honor?
Q107	Where did Tesla live for much of his life?
Q108	What was Tesla's reputation in popular culture?
Q109	How did Tesla finance his work?
Q110	What year did Tesla die?
Q111	What did the General Conference on Weights and Measures name after Tesla in 1960?
Q112	When did people once again start to show an interest in Tesla?
Q113	Other than his scientific achievements what was Tesla famous for?
Q114	Who did Tesla partner with in 1886?
Q115	What did lane and vail finance?
Q116	What did Tesla Electric Light & Manufacturing do?
Q117	What did Tesla first receive after starting his company?
Q118	What was produced at tesla's company?
Q119	What were the names of Tesla's new partners?
Q120	When did the partnership between Tesla, Lane and Vail form?
Q121	What was the name of the company the businessmen financed?
Q122	What did Tesla Electric Light & Manufacturing do?
Q123	Who designed the illumination systems that Tesla Electric Light & Manufacturing installed?
Q124	When did Tesla attain his electrical transmitter patent?
Q125	Who first sent radio waves across the Atlantic?
Q126	When was Marconi's radio demonstration?
Q127	When were Tesla's patents restored?
Q128	A decision made by what entity restored Tesla's patents?
Q129	How many possible bids for the prize were there in 1915?
Q130	Who received a bid in 1915?
Q131	In what year did Tesla receive a Nobel Prize bid?
Q132	What article was published in 1937?
Q133	Because of certain statements what was the believed state of his religious views?
Q134	In the article's title, what did the machine hope to end?
Q135	What branch of theoretical computer science deals with broadly classifying computational problems by difficulty and class of relationship?
Q136	By what main attribute are computational problems classified utilizing computational complexity theory?
Q137	What is the term for a task that generally lends itself to being solved by a computer?
Q138	In a computational problem, what can be described as a string over an alphabet?
Q139	What is the name of the alphabet is most commonly used in a problem instance?
Q140	What is another term for the string of a problem instance?
Q141	In the encoding of mathematical objects, what is the way in which integers are commonly expressed?
Q142	What is one way in which graphs can be encoded?
Q143	How can function problems typically be restated?
Q144	If two integers are multiplied and output a value, what is this expression set called?
Q145	The time required to output an answer on a deterministic Turing machine is expressed as what?
Q146	Complexity theory classifies problems based on what primary attribute?
Q147	What is the expression used to identify any given series of problems capable of being solved within time on a deterministic Turing machine?
Q148	What is the most critical resource measured to in assessing the determination of a Turing machine's ability to solve any given set of problems?
Q149	What is the unproven assumption generally ascribed to the value of complexity classes?
Q150	What is an expression that can be used to illustrate the suspected inequality of complexity classes?
Q151	Where can the complexity classes RP, BPP, PP, BQP, MA, and PH be located?
Q152	What evidence between and among complexity classes would signify a theoretical watershed for complexity theory?
Q153	How common was the form of corporal punishment in the past?
Q154	Where is corporal punishment no longer practiced?
Q155	What Western country is corporal punishment still allowed?
Q156	What U.S. entity said that corporal punishment was Constitutional?
Q157	What does corporal punishment cause a student?
Q158	What group can teachers in Wales register with?
Q159	What is happening to the average age of teachers in Wales?
Q160	When were attacks on teachers the highest?
Q161	What is the NASUWT?
Q162	What are the attacks on teachers causing?
Q163	In the US, who decides on the requirements for teachers?
Q164	What is the longest time that a teaching certificate is good for?
Q165	What must a public school teacher have, at a minimum?
Q166	Who may not require that its teachers be certified?
Q167	What may a Charter school require that their teachers meet the standards to be highly qualified by?
Q168	What is the name of the spiritual teacher in Hinduism?
Q169	Is the focus on spiritual mentorship in Hinduism high or low?
Q170	Who do gurus control?
Q171	In what area is it common for spiritual mentorship to be extremely high?
Q172	What is the name of a teacher in Tibetan Buddhism?
Q173	What has a Lama determined to do?
Q174	What is the name of a Bodhisattva vow?
Q175	How much has a Lama agreed to be reborn?
Q176	What helped the Lama determine to be reborn?
Q177	When did Luther's writings to spread to France, England and Italy?
Q178	Who went to Wittenberg to hear Luther speak?
Q179	What part of Luther's career was one of his most productive?
Q180	When were some of Luther's best-known works published?
Q181	Besides publishing To the Christian Nobility of the German Nation and On the Babylonian Captivity of the Church, what other work did Luther produce in 1520?
Q182	When did Luther broaden his attacks to include core Church doctrines?
Q183	How did Luther describe the mass that was viewed as sacrifice?
Q184	What did Luther call the mass instead of sacrifice?
Q185	After rejecting compulsory confession, what did Luther call for?
Q186	What did Luther tell monks and nuns about their vows?
Q187	At the time of Martin Luther what was in demand?
Q188	What work of Luther's became popular?
Q189	What did the popularity of Luther's translation contribute to?
Q190	What artist provided the woodcuts for Luther's Bible?
Q191	Whose English translation of the Bible did the Luther Bible influence?
Q192	What caused Luther to write hymns?
Q193	Why were Johann Esch and Heinrich Voes executed by the Catholic Church?
Q194	What hymn did Luther write after the martyrdom of Esch and Voes?
Q195	Who is the English translator of this hymn?
Q196	What is the hymn known as in English?
Q197	What was later discovered written by Luther?
Q198	In what language was most of the statement written?
Q199	What portion of Luther's last statement was in German?
Q200	Where does southern California's megalopolis standard in terms of population nationwide?
Q201	Although southern california consts of a heavily developed urban environment, how much of it has been left undeveloped?
Q202	Southern Californian communities are well known to be large, spread - out, and what other characteristic?
Q203	Outside of its use of automobiles, what else is southern California famous for using?
Q204	What kind of region can be found inside the urban area of southern California?
Q205	What is the name associated with the eight areas that make up a part of southern California?
Q206	How many extended metropolitan areas are there?
Q207	Each of the extended metropolitan areas has a population that exceeds what number?
Q208	What does the El Centro metropolitan area and San Diego-Carslbad-San Marcos metropolitan area form?
Q209	What is the population of the Greater Los Angeles Area?
Q210	What is the second busiest airport in the United States?
Q211	What is the metric they use to determine how busy airports are?
Q212	What ranking in terms of busiest airports from international passenger volume is the Los Angeles International Airport?
Q213	Which airport is home to the busiest single runway in the world?
Q214	What is the world's busiest general aviation airport?
Q215	The Los Angeles Rams are an example of what kind of sports team?
Q216	The Los Angeles Clippers are a team belonging to which sport?
Q217	The Los Angeles Angels of Anaheim are from which sport?
Q218	What is the other NHL team aside from the Anaheim Ducks to reside in Southern California?
Q219	What is the lone MLS team that belongs to southern California?
Q220	Which team was suspended from the MLS?
Q221	How many teams did Los Angeles used to have?
Q222	Which year resulted in the suspension of one of the two soccer teams?
Q223	What was the name of the stadium that the teams played in?
Q224	When is the suspended team scheduled to return?
Q225	What are BSkyB's standard definition broadcasts compliant with?
Q226	Sky Movies and Sky Box office also include what optional soundtracks?
Q227	What is Sky+ HD material broadcast using?
Q228	What is the proprietary system that Sky+HD uses?
Q229	What does most of the HD material use as a standard?
Q230	When was Sky Digital launched?
Q231	What satellite was used when Sky digital was launched?
Q232	What satellite enabled Sky Digital to launch an all new digital service?
Q233	How many television and radio channels could the new digital service carry?
Q234	What is the position of the satellite that allowed sky to broadcast channels almost elclusively for the United Kingdom?
Q235	When did BSkyB announce it's intention to replace it's free-to-air digital channels?
Q236	When did Setanta Sports say it would launch as a subscription service?
Q237	What platform was Sentanta Sports planning on launching on?
Q238	What were NTL's services rebranded as?
Q239	What does BSkyB's sport portfolio include?
Q240	What did Alec Shelbrooke propose payments of benefits to be made on?
Q241	What could the Supplemental Nutrition Assistance Program purchase?
Q242	what did the UK parliment hear that a subscription to BSkyB was?
Q243	What was the UK governments benefits agenchy checking in 2012?
Q244	What did the benefits agency think sports channels on a TV bill meant?
Q245	What were the annual carriage fees for the channels?
Q246	Does the new deal include Video on demand and High Definition?
Q247	What company agreed to terminate high court proceedings with BSkyB?
Q248	What company agreed to terminate high court proceedings with Virgin Media?
Q249	What were high court proceedings being held about?
Q250	What political party is strongest in Melbourne's working class suburbs?
Q251	What party is strongest in Melbourne's affluent areas?
Q252	Which party is strongest in Victoria's northwestern and eastern regions?
Q253	What party rules in Melbourne's inner regions?
Q254	What party is favored in Bedigo and Geelong?
Q255	When did Victoria enact its constitution?
Q256	On what is Victoria's constitution based ?
Q257	What group can amend the Victorian constitution?
Q258	What are the exceptions in the constitution  that require special considerations to amend?
Q259	What document formed the Parliament of Victoria?
Q260	What type of manufacturing plant is Victoria soon losing?
Q261	When has Toyota said it will close its Victoria plant?
Q262	When did Holden announce that it will close its Victoria plant?
Q263	When will Ford's manufacturing plants close?
Q264	What brand of car is manufactured in Broadmeadows?
Q265	What is the gauge of the Victorian rail lines?
Q266	To what gauge have some lines been changed in the west of Victoria?
Q267	What gauge of rail lines do two tourist lines use?
Q268	Where were the narrow gauge rail lines built in Victoria?
Q269	How many narrow gauge rail lines were previously government owned?
Q270	When was the colony of New South Wales founded?
Q271	What was the name of the eastern half of the colony of 1788?
Q272	What name was given to the western half of the colony?
Q273	Where was the location of the colonial government that administered the new colony?
Q274	What proclamation abolished protestantism in France?
Q275	When was this edict declared?
Q276	Which French kind issued this declaration?
Q277	How many Huguenots fled France by the 1700s?
Q278	In what English colony were Huguenot settlers promised land?
Q279	In what area of this British colony were Huguenot land grants?
Q280	What town was actually granted to the Huguenots on arrival?
Q281	How many settlers original settled in Manakintown?
Q282	When were these settlers naturalized as English colonists?
Q283	Who was one French pro-reform Roman Catholic of the 15th century?
Q284	Where did this pro-reform leader teach?
Q285	When did this leader publish a French language Bible?
Q286	What leader of the Swiss reformation was a student of Lefevre?
Q287	What other European Protestant leader was educated at the University of Paris?
Q288	How did Huguenots evolve their religious beliefs in the New World?
Q289	How were Huguenot settlers assimilated into North American society at large?
Q290	Who was one prominent Huguenot-descended arms manufacturer?
Q291	For how long did Huguenots continue to use French names?
Q292	What was the name of du Pont's gunpowder operation?
Q293	What German ruler invited Huguenot immigration?
Q294	What German poet was descended from Huguenots?
Q295	What German general and fighter pilot was of Huguenot ancestry?
Q296	Who was the final Prime Minister of East Germany?
Q297	Thomas de Maiziere serves what role in the German cabinet?
Q298	What is the usual source of heat for boiling water in the steam engine?
Q299	Aside from firebox, what is another name for the space in which combustible material is burned in the engine?
Q300	Along with nuclear, geothermal and internal combustion engine waste heat, what sort of energy might supply the heat for a steam engine?
Q301	What type of heating element is often used in toy steam engines?
Q302	What instrument is used to examine steam engine performance?
Q303	What year saw the earliest recorded use of the steam engine indicator?
Q304	What company developed the most successful steam engine indicator?
Q305	Who developed a successful steam engine indicator for Charles Porter?
Q306	Where was the Charles Porter steam engine indicator shown?
Q307	What limits the Rankine cycle's efficiency?
Q308	What is the turbine entry temperature of a steam turbine, in degrees Celsius?
Q309	What is  565 °C the creep limit of?
Q310	What is a turbine's theoretical Carnot efficiency?
Q311	What is the approximate condenser temperature in a turbine?
Q312	What modern company has been notably working on a steam engine using modern materials?
Q313	Where is Energiprojekt AB based?
Q314	How many cylinders does the Energiprojekt AB engine have?
Q315	How many pounds of steam per kilowatt hour does the Energiprojekt AB engine use?
Q316	What percentage of a high pressure engine's efficiency has the Energiprojekt AB engine achieved?
Q317	What is another term for rotors?
Q318	In a steam turbine, what are rotors mounted on?
Q319	What is another way of referring to stators?
Q320	What are stators attached to?
Q321	In the United States, what is a usual turbine speed with 60 Hertz of power?
Q322	When did Carl Wilhelm Scheele discover oxygen?
Q323	In what year did Joseph Priestley recognize oxygen?
Q324	What gave Priestley the claim to being the first discovered of oxygen?
Q325	What researcher first used the word oxygen ?
Q326	What previous work did Lavoisier experiments discredit?
Q327	What chemist managed to make enough liquid oxygen to use for study?
Q328	In what year did Dewar experiment on liquid oxygen?
Q329	When was liquid oxygen developed for commercial use?
Q330	What welding process was demonstrated in 1901?
Q331	What group of scientists seek to measure the amounts of oxygen in marine animals?
Q332	About what weather feature do paleoclimatologists want information ?
Q333	How much heavier is oxygen 18 than oxygen 16?
Q334	What form of oxygen do marine animals acquire in greater amounts during cooler climatic conditions?
Q335	During what type of climate is oxygen 18 in seawater at higher levels?
Q336	At what wavelength do the spectrophotometric bands peak?
Q337	To monitor what event would measuring radiance from vegetation provide information?
Q338	From where would scientists like measure vegetation radiance?
Q339	On what scale would scientists show measurements of vegetation?
Q340	What style of sensing do scientist like to use to measure global radiance?
Q341	What device is used to treat various conditions such as carbon monoxide poisoning?
Q342	What does increased oxygen concentrations in the patient's lungs displace?
Q343	To what pathogen that causes gas gangrene is oxygen poisonous?
Q344	What occurs after a dive in which a diver decompresses too quickly?
Q345	When did Syria and Egypt launch a surprise attack on Israel?
Q346	Who was the world's second largest oil producer?
Q347	How many times more did the other nations have to pay for oil after the surprise attack?
Q348	Which oil producer is a close ally of the United States?
Q349	Why did the Shah of Iran gave an interview?
Q350	What has a negative influence over the US economy?
Q351	On an international level, which industry's competitive positions is affected?
Q352	Which problem consists of both  inflationary and deflationary impacts?
Q353	The oil crisis caused oil companies to increase oil supplies in which area?
Q354	How long does it take for new areas to have significant oil production?
Q355	Who is the first administrator of the Federal Energy Office?
Q356	When was he elected by Nixon?
Q357	Why was this short termed organization created?
Q358	According to the AAA, what is the percentage of the gas stations that ran out of gasoline?
Q359	What was the catalyst that created greater interest in renewable resources?
Q360	There is criticism that the energy policies are expensive quick fixes that ignore which facts?
Q361	Who backed policies that have solutions that sound good but have poor prospects?
Q362	When did Honda, Toyota and Nissan open US assembly plants?
Q363	Name a larger car that Toyota came up with as buyers lamented the small sized compacts?
Q364	Name an extra that was added to the production of the compacts.
Q365	Name a luxury division of Toyota.
Q366	Who led the committee established by Seaman?
Q367	When was this committee by Seaman established?
Q368	Which NASA faction came around first to support the LOR?
Q369	Who was hired to be the deputy director of the Office of Manned Space Flight?
Q370	Which NASA location came around last to the idea of the LOR?
Q371	How many people were on the test flight of the AS-206?
Q372	What were the astronauts wearing during the dual mission AS-278?
Q373	What was originally on the spacesuits prior to the clear "fishbowl" helmet?
Q374	What type of undergarment, if any, was included into the Apollo spacesuit?
Q375	What did the LMP acronym stand for regarding the Block II launch positions?
Q376	Where did Apollo 1's crew conduct tests at Kennedy Space Center?
Q377	Who was the main crew of Apollo 1, of which they named themselves?
Q378	What was a plugs-out test done to simulate on the LC-34?
Q379	What other location did Apollo 1 test at besides Kennedy Space Center?
Q380	What was the first problem astronauts encountered during the plugs-out test?
Q381	When did the very first plugs-out test occur?
Q382	What happened during the plugs-out test during the delay for the spacesuit odor?
Q383	What happened to the crew onboard during the plugs-out test?
Q384	What type of atmosphere helped fuel the fire throughout the cabin?
Q385	Who compiled the original surviving Apollo 11 landing data?
Q386	Were the tapes able to be restored and processed without destroying historical legitimacy or did some aspects of the tapes lose legitimacy?
Q387	What types of recordings at Johnson Space Center were used to help restore the original tapes?
Q388	Which company was tasked with trying to restore the original tapes?
Q389	Were the restored tapes able to have color added to them to enhance the picture or did they remain black and white?
Q390	How did the principle treaties that form the European Union begin?
Q391	Which two treaties provided more formal institutions of the European Union?
Q392	In what years did Spain and Portugal join the European Union?
Q393	In 1972, did Norway end up joining the European Union?
Q394	Which country in 1985 signed a treaty to give it special status?
Q395	What caused the need for principal Treaties that ended up forming the EU?
Q396	When year was the Maastrich Treaty signed?
Q397	When was the Single European Act made?
Q398	When did Denmark join the EU?
Q399	When did Greenland sign a Treaty granting them special status?
Q400	Which two governing bodies have legislative veto power?
Q401	What can't Parliament do that causes equality and democracy to be deficient?
Q402	How often do Parliament elections take place?
Q403	How much of a voting majority must there be to effectively censure the Commission?
Q404	What two bodies must the Parliament go through first to pass legislation?
Q405	Which entity has a monopoly on initiating legislation?
Q406	Which entities have powers of amendment and veto during the legislative process?
Q407	When did the first direct elections take place?
Q408	How often do Parliament elections take place?
Q409	Which party is currently the largest among political party lines?
Q410	If there is a conflict between EU law and national law, which law take precedence?
Q411	What was the reason the Italian Constitutional court gave that resulted in Mr. Costa losing his his claim against ENEL?
Q412	What were the years two Regulations that conflicted with an Italian law originate in the Simmenthal SpA case?
Q413	Which entities have had to develop principles dedicated to conflict resolution between laws of different systems?
Q414	When did Costa v ENEL take place?
Q415	Which court argued that the Treaty of Rome did not prevent energy nationalism?
Q416	How many original treaties establishing the EU protected fundamental rights?
Q417	Which entities were originally concerned with preventing violation of human rights?
Q418	When was the European Convention on Human Rights established?
Q419	What other entity was established at the same time as the European Convention on Human Rights?
Q420	When did the European Council task an entity with drafting a European Charter of Human Rights?
Q421	What lead to the UK to subscribe to the agreement on Social Policy?
Q422	When did the UK formally subscribe to the Agreement on Social Policy?
Q423	Which directive mentioned was created in 1994?
Q424	When was the Parental Leave directive created?
Q425	What did the Works Council Directive require?
Q426	Which name is also used to describe the Amazon rainforest in English?
Q427	How many square kilometers of rainforest is covered in the basin?
Q428	How many nations control this region in total?
Q429	How many nations contain "Amazonas" in their names?
Q430	What percentage does the Amazon represents in rainforests on the planet?
Q431	What is the Dutch word for the Amazon rainforest?
Q432	What rainforest covers the majority of the Amazon basin in South America?
Q433	In what country can most of the Amazon rainforest be found?
Q434	The Amazon rainforest makes up what amount of Earth's rainforests?
Q435	How many species of trees can be found in the Amazon rainforest?
Q436	What kind of forest is the Amazon rainforest?
Q437	How many square kilometers is the Amazon Basin?
Q438	How many nations are within the Amazon Basin?
Q439	Which nation contains the majority of the amazon forest?
Q440	What is the estimate for the amount of tree species in the amazon tropical rain forest?
Q441	How many square kilometres of the Amazon forest was lost by 1991?
Q442	In the year 2000 how many square kilometres of the Amazon forest had been lost?
Q443	What is most of the cleared land in the Amazon region used for?
Q444	Where is Brazil ranked globally in soybean production?
Q445	What percentage of the land cleared in the Amazon is used for growing livestock?
Q446	Highways built in the Amazon rainforest were built primarily for what kind of farmers?
Q447	What did creating highways in the Amazon rainforest lead to?
Q448	The rate of clearing of forest from 2000 to 2005 was how many square miles per year?
Q449	What happened to the rate of deforestation in the Amazon region of Brazil between 2004 and 2014?
Q450	How much higher was the rate of deforestation in 2000, to 2005 compared to 1995 to 2000?
Q451	What are environmentalists concerned about losing in the Amazon forest?
Q452	The loss of biodiversity may be the result of what, according to environmentalists?
Q453	What are environmentalists concerned about having released from the Amazon region?
Q454	What amount of the worlds carbon is stored in the Amazon forest?
Q455	How many metric tons of carbon are believed to be stored in the Amazon forest?
Q456	In what year did the Amazon experience a drought that may have been more extreme than in 2005?
Q457	How many square miles large was the region impacted by the 2010 drought?
Q458	How many areas were impacted by the the death of vegetation in the 2010 drought?
Q459	The southern part of the Amazon forest was mainly impacted by drought in what year?
Q460	How many tons of carbon are absorbed the Amazon in a typical year?
Q461	How much can Ctenophores eat in one day?
Q462	How many species of Ctenophores have been validated?
Q463	How many species of Ctenophores have not been fully described or named?
Q464	How many species of Ctenophora have been validated?
Q465	What are the little tentacles that cydippids have called?
Q466	How much food does a ctenophora eat in a day?
Q467	What do coastal beroids not have that other ctenophora have?
Q468	What does coastal beriods use as teeth?
Q469	How much do ctenophore eat in a day?
Q470	What are the small tentacles on Cydippids called?
Q471	What do Beriods use as teeth?
Q472	What do Cydippids use to capture their prey?
Q473	How many different species of ctenohore are there?
Q474	When did the Cretaceous-Paleogene extinction happen?
Q475	Evidence indicates that Cydippids are not what?
Q476	How old are the fossils found that represent ctenophhores ?
Q477	What were the fossils that were found to represent ctenphores missing that current ctenphora have?
Q478	Fossils found that were believed to be ctenophores were how old?
Q479	What event happened 66 million years ago?
Q480	Cypiddids are not what?
Q481	What do current ctenophores have that fossils found did not have?
Q482	What are the hairs on ctenophores called?
Q483	What are cilia used for?
Q484	Comb like bands of cilia are called what?
Q485	What does ctenophore mean in Greek?
Q486	Why are ctenophores extremely rare as fossils?
Q487	Ediacaran eoandromeda can be regarded to represent what?
Q488	What was the period called that was 505 million years ago?
Q489	How many species were found in the Burgess Shale?
Q490	What did the  fossils found in the Burgess Shale lack?
Q491	Recent studies believe  that ctenophores are the sister lineage to what?
Q492	What do some researchers believe is the earliest-diverging animal phylum is?
Q493	What is another name for the west side of Fresno?
Q494	In which direction does the west side of Fresno neighborhood lie to the 99 freeway?
Q495	The west side of Fresno is the center of which ethnic community?
Q496	What are the two principal Asian-American groups living in the west side neighborhood of Fresno?
Q497	Which neighborhood lies west of the 41 freeway?
Q498	Who is Kearney Boulevard named after?
Q499	What kinds of trees is Kearney Boulevard lined with?
Q500	Between which two streets along Kearney Boulevard were wealthy African-Americans at one time residing?
Q501	What was the name given to a section of Kearney Boulevard in efforts to change the areas image?
Q502	What area of Brookhaven is still known for its high levels of crime?
Q503	How many households has kids under the age of 18 living in them?
Q504	What was the percentage of a female householder with no husband present?
Q505	How many same-sex married couples or partnerships were there?
Q506	What was the average family size?
Q507	What was the average household size?
Q508	What route connects Fresno with the California Central Valley?
Q509	What is another name for State Route 168?
Q510	What is another name for the Yosemite Freeway?
Q511	State Route 180 comes from which direction via Mendota?
Q512	Which is the largest city not connected to an interstate highway?
Q513	In what year was the Interstate Highway System created?
Q514	Which State Route has been in discussion to upgrade to interstate standards?
Q515	What are the factors that are contributing to the desire to have SR 99 improved to be of interstate standards?
Q516	What does each packet includ in connectionless mode
Q517	How are the packets routed
Q518	What is included with each packet label
Q519	What happens to the packet at the destination
Q520	WHen did ARPNET and SITA become operational
Q521	2 differences betwen X.25 and ARPNET CITA technologies
Q522	WHat does UserDatagram Protocol gaurentee
Q523	X.25 uses what type network type
Q524	What is  DECnet
Q525	What did DECnet originally do
Q526	DEC originally had 3 layers but evolved into how many layers
Q527	What did DECnet phase 2 become
Q528	WHy was the Merit network formed in Michigan
Q529	What completed the triad
Q530	What set the stage for Merits role in NSFNET
Q531	what is Internet2
Q532	Who did internet2 partner with
Q533	What was the first internet2 network named
Q534	Who did internet2 partner with
Q535	ableine was retired and the new platform is called
Q536	What was the black death originally blamed on?
Q537	Who was the medical report written for?
Q538	What is the newer, more widely accepted theory behind the spread of the plague?
Q539	What is the bad air theory officially known as?
Q540	What are clades?
Q541	What strains of y. pestis were found in the mass graves?
Q542	What do the strains of y. pestis suggest abut the plague?
Q543	How and when did the first variant of y. pestis enter Europe?
Q544	When did the y. pestis reach England?
Q545	What does Graham Twigg propose about the spread of disease?
Q546	What was Norman Cantor's theory about the plague?
Q547	Which diseases do many scientists believe contributed to plague pandemic?
Q548	What is septicemia?
Q549	How many bodies did Public Health England exhume?
Q550	How many people died of plague in Paris in 1466?
Q551	The black plague ravaged Europe for three years followed by what country?
Q552	Which outbreak was associated with troops in the thirty years war?
Q553	When was the last plague outbreak?
Q554	How many times did plague occur in Venice?
Q555	During which years was the plague present in Islamic countries?
Q556	How many people were lost in Algiers during 1620-21?
Q557	How long did plague last in the Ottoman empire?
Q558	How many people, at most, have died of plague in Baghdad?
Q559	Why is the second timeline needed?
Q560	Which timeline is further expanded in the fourth scale?
Q561	What is the name of the latest epoch?
Q562	The Pleistocene epoch takes place during which period?
Q563	Which principle is based on the appearance of fossils in sedimentary rocks?
Q564	Whose principles were the principle of faunal succession built upon?
Q565	The fact that not all fossils may be found globally at the same time causes the principle to become what?
Q566	The presence or absence of what can be used to determine the relative age of the formations in which they are found?
Q567	The principle of faunal succession was developed 100 years before whose theory of evolution?
Q568	The analysis of stratigraphic sections such as drill cores is done by who?
Q569	What type of surveys show the location of stratigraphic units in the subsurface?
Q570	What can be combined with geophysical data to produce a better view of the subsurface?
Q571	What tool do stratigraphers use to see their data in three dimensions?
Q572	Stratigraphers try to locate areas for what types of extraction?
Q573	Fielding H. Garrison believes that the science of geology can be traced to where?
Q574	Living from 973–1048 CE he was one of the earliest Persian geologists, what was his name?
Q575	In China, this person inferred that the land was formed by erosion of the mountains and by silt deposition, what was his name?
Q576	This person proposed explanations for the origins of earthquakes and the formation of mountains, what was his name?
Q577	What prompted Shen Kuo to believe the land was formed by erosion of the mountains?
Q578	Who is viewed as the first modern geologist?
Q579	In 1785 James Hutton presented what paper to the Royal Society of Edinburgh?
Q580	James Hutton published a 2 volume version of his theories in what year?
Q581	What was the main idea of James Hutton's paper?
Q582	What was the first recorded settlement in what became Newcastle?
Q583	What river was there originally a bridge across in Roman times?
Q584	What was the estimated population of Pons Aelius around the 2nd century?
Q585	Whose wall has fragments visible in places around Newcastle even today?
Q586	What tribes were the Romans fearful would invade from the North?
Q587	What earlier market did the Grainger Market replace?
Q588	When did Newcastle's first indoor market open?
Q589	How many guests attended the dinner celebrating the opening of the Grainger Market?
Q590	How is the opening of the Grainger Market documented in the Laing Art Gallery?
Q591	Who listed the Grainger Market architecture as grade 1 in 1954?
Q592	What genre of music is Lindisfarne classified as?
Q593	What year was the song Fog on the Tyne released?
Q594	What band is considered by many to be the first black metal group?
Q595	What band is often regarded as the first folk metal group?
Q596	What group is Newcastle native Andy Taylor the former lead guitarist of?
Q597	What underground railways cover much of Tyne and Wear?
Q598	How many phases was the Metro opened in between 1980 and 1984?
Q599	What type of tunnels are constructed through Newcastle's city center?
Q600	What did Queen Elizabeth II open in Newcastle in 1981?
Q601	How many passengers a year does the rail network in Newcastle carry?
Q602	How many universities does Newcastle have?
Q603	Which university has its origins in a school dealing with medicine and surgery?
Q604	What did Newcastle University win in 2000?
Q605	What happened in 1992 in a UK-wide process?
Q606	What university won the award for Most IT enabled organisation?
Q607	The V&A has its origins in which world exposition?
Q608	Who was the V&A's first director?
Q609	What was the museum originally called?
Q610	Where was the V&A transferred to from its original location at Marlborough House?
Q611	Which German architect was asked to produce a design for the museum?
Q612	Approximately how many works of art are included in the Far Eastern collections?
Q613	Which countries are represented in the Far Eastern collections?
Q614	What is the name of the gallery devoted to Chinese art?
Q615	In which year did the gallery devoted to Chinese art open?
Q616	Most of the Chinese works of art in the Far Eastern collections date from which two dynasties?
Q617	Approximately how many items are in the costume collection of the V&A?
Q618	Which department houses the works on paper of the costume collection?
Q619	Why is the collection dominated by fashionable clothes made for special occasions?
Q620	In which year did the V&A received the Talbot Hughes collection?
Q621	The Talbot Hughes collection was a gift from which company?
Q622	Approximately how many names were signed on an online petition on the Parliamentary website in response to the closing of the Musical Instruments gallery?
Q623	Which Member of Parliament explained how the museum would preserve the collection and keep it available to the public?
Q624	Which museum would receive items on loans from the Musical Instruments gallery?
Q625	Approximately how many musical instruments were loaned to the Horniman Museum?
Q626	In which year was the Musical Instruments gallery closed?
Q627	In which year did John Sheepshanks donated a large collection of paintings?
Q628	How many paintings did John Sheeshanks give to the museum?
Q629	What was the goal of John Sheepshanks considerable bequest to the museum?
Q630	An 1821 full size oil sketch of which famous British painting was donated by John Sheepshank's daughter in 1888?
Q631	The paintings donated by John Sheepshanks were by artists of which nationality?
Q632	In 2000, ABC started an internet based campaign focused on what?
Q633	Who was hired to produce ABC's 2001-02 identity?
Q634	What colors was the 2001 ABC logo?
Q635	What is the nickname for ABC's logo from the 2000 campaign?
Q636	Who designed ABC's 1998 new graphic design?
Q637	In what year did ABC stop using it's four-note jingle for promotion?
Q638	What image campaign was the new four-note jingle for ABC based around?
Q639	Where is the ABC four-note jingle still in use?
Q640	Who was appointed to be ABC's president by Noble in 1950?
Q641	Goldenson proposed a merger between UPT and what network in October 1954?
Q642	Under Goldenson's merger plan, what would the new entity be named?
Q643	How much money was to go to DuMont Television Network under Goldenson's merger plan?
Q644	In what decade did ABC finish transitioning to color?
Q645	The 1970s allowed which network to move in to first place in the ratings?
Q646	What kind of data did ABC begin using in the 1970s to better target ads and programming for certain audiences?
Q647	What percentage of prime-time TV viewership did the three big networks represent in 1980?
Q648	What drama from Aaron Spelling debuted on ABC in the 80s?
Q649	What was a Happy Days spinoff that debuted in the 1980s on ABC?
Q650	What channel did ABC launch in 1981 that focused on cultural and arts programming?
Q651	What was the tribe of the woman Temüjin married when he was around 16 years old?
Q652	Who kidnapped Temüjin's first wife soon after they were married?
Q653	Who helped Temüjin rescue his wife from the Merkits?
Q654	What was the name of Temüjin's wife Börte's first son?
Q655	What year did Börte's give birth to Jochi?
Q656	Who did Jamukha support that were not part of Temüjin's power base?
Q657	Which shaman's proclamation aided Temüjin's rise?
Q658	When was Temüjin elected khan of the Mongols?
Q659	Which battle did Temüjin lose to Jamukha shortly after his election as khan?
Q660	Where was Temüjin's patron Toghrul exiled?
Q661	What is the Mongolian name for the original place of the Genghis Khan mausoleum?
Q662	Which Buddhist monastery hosted the Genghis Khan mausoleum during the Japanese occupation?
Q663	Where did the Chinese Nationalists move the mausoleum away from advancing Chinese Communist forces?
Q664	When was the mausoleum returned to the Lord's Enclosure in Mongolia?
Q665	Who destroyed the most valuable relics in the mausoleum during the Cultural Revolution?
Q666	What sea bordered Genghis Khan's empire to the east when he died?
Q667	What body of water sat to the west of the Mongol Empire when Genghis Khan died?
Q668	Who led the most rapid expansion of the Mongol Empire?
Q669	What year was the conflict with the Song dynasty concluded?
Q670	Which descendant of Genghis Khan sacked Baghdad?
Q671	Who halted the advance of Hulagu Khan across the Middle East?
Q672	Which of Genghis Khan's descendants pushed the Mamluks out of Palestine?
Q673	In which year did Genghis Khan's grandson invade Kievan Rus'?
Q674	Which major cities in Eastern Europe were not destroyed by the Mongol invasion?
Q675	Who oversees a Pharmacy Technician in the UK?
Q676	With what body must a pharmacy technician register?
Q677	What is a main duty of the GPhC?
Q678	What type of professional is a Pharmacy Technician considered to be?
Q679	What types of responsibilities might a pharmacy technician have?
Q680	Developments in which scientists influenced the creation of pharmacology in medieval Islam?
Q681	Who was influential in promoting the use of chemical compounds as medicines?
Q682	Who authored the Liber servitoris?
Q683	Who wrote about the distillation of drinking water from sea water?
Q684	Which two compounds did Al-Muwaffaq differentiate between?
Q685	What is the dispensary subject to in a majority of countries?
Q686	What responsibilities were pharmacy technicians formerly limited to?
Q687	What do pharmacy technicians depend on more and more?
Q688	What are new responsibilities pharmacy technicians now deal with?
Q689	What does pharmacy legislation mandate?
Q690	What is consultant pharmacy mainly concerned with?
Q691	Where do a majority of consultant pharmacists tend to work?
Q692	What are some large pharmacy management companies?
Q693	What is the main reason consulting pharmacists are increasingly working directly with patients?
Q694	What do some community pharmacies do?
Q695	How are pharmacists regulated in most jurisdictions?
Q696	Who do most jurisdictions say can give scheduled drugs to the public?
Q697	What body has stated that physicians can also dispense drugs under specific conditions?
Q698	What is the estimate of how many physicians give out drugs on their own?
Q699	What are pharmacists forbidden to do?
Q700	What can result from disorders of the immune system?
Q701	When does immunodeficiency occur?
Q702	What does immunodeficiency cause?
Q703	Name one of the causes of immunodeficiency.
Q704	Name a common autoimmune disease.
Q705	What happens when the immune system less active than normal?
Q706	What is the term for a hyperactive immune system that attacks normal tissues?
Q707	What field involves the study of the immune system?
Q708	What acquired condition results in immunodeficiency in humans?
Q709	What are the most powerful class of anti-inflammatory drugs?
Q710	Low doses of anti-inflammatories are sometimes used with what classes of drugs?
Q711	What are two examples of cytotoxic or immunosuppressive drugs?
Q712	What is an example of an immunosuppressive drug that prevents T cell activity by altering signal transduction pathways?
Q713	What are examples of differentiated effector cells that peak during wake periods?
Q714	What are two anti-inflammatory molecules that peak during awake hours?
Q715	Inflammation occurs during sleep times because of the presence of what molecule?
Q716	Melatonin during sleep can actively counteract the production of what?
Q717	What molecules of the adaptive immune system only exist in jawed vertebrates?
Q718	What are two examples of primitive jawless vertebrates?
Q719	Primitive jawless vertebrates possess an array of receptors referred to as what?
Q720	Evolution of what part of the immune system occurred in the evolutionary ancestor of jawed vertebrates?
Q721	What is the process by which the adaptive immune system is evaded by the chainging of non-essential epitopes called?
Q722	What is an example of a virus that uses antigenic variation?
Q723	What is an example of a parasite that used the antigenic variation strategy to evade destruction?
Q724	What compounds can be masked with the molecules of the host cell in order for a virus to evade detection?
Q725	After the Peterloo massacre what poet wrote The Massacre of Anarchy?
Q726	His poem is considered the first kind of what type of protest?
Q727	Inspired by Shelley what was the name of Gandhi's doctrine?
Q728	Gandhi often referenced Shelley's poem in his efforts to do what?
Q729	What famous author used similarity and likeness of Percy Shelly in his writing?
Q730	Who wrote the poem The Mark of Anarchy?
Q731	The Mark of Anarchy was written to protest against what?
Q732	What was the principle shown in The Mark of Anarchy?
Q733	What was Ghandi's work called?
Q734	Which famous Indian practiced civil disobedience?
Q735	What is it called when there is an active attempt to overthrow a government or belief system?
Q736	What group of people performed revolutionary civil disobedience toward the Austrian government?
Q737	The Hungarians performed this civil disobedience under the direction of what person?
Q738	Revolutionary civil disobedience towards culture is highlighted by example of who?
Q739	What other topics can Civil disobedience pertain to?
Q740	What is a simple form of civil disobedience?
Q741	Why would a person chose civil disobedience against specific laws?
Q742	What is the goal of individual civil disobedience?
Q743	What type of civil disobedience is larger scale?
Q744	What famous Indian's actions were considered civil disobedience?
Q745	Boycotting, refusing to pay taxes, sit ins, and draft dodging all make what harder?
Q746	Name one way the Plowshares organization temporarily close GCSB Waihopai?
Q747	Name the other way that the Plowshares organization temporarily closed?
Q748	Brownlee argues that sometimes people behave in what way to have their issue heard?
Q749	When large groups of people all boycott a system or don't pay taxes it can be considered?
Q750	What is a type of disobedience against the federal government?
Q751	What side effect of these type of protests is unfortunate?
Q752	What goal do many of these protests have?
Q753	How can you protest against big companies in a non violent way?
Q754	What do some civil disobedient people feel the need to acknowledge.
Q755	Why is the need for acceptance of punishment needed?
Q756	What do some people protest against?
Q757	What is the group called that does not agree with government at all?
Q758	Anarchists do not want to accept punishment for what reason?
Q759	What type of punishment is sometimes offered to civil disobedients?
Q760	What is usually the goal of taking a plea bargain?
Q761	When many people are arrested, what is a common tactic negotiating?
Q762	What type of plea is sometimes taken as an act of disobedience?
Q763	Which famous Indian took a plea and put himself at the mercy of the courts?
Q764	What is the process of constructing a building or infrastructure?
Q765	What typically involves mass production of similar items without a designated purchaser?
Q766	What percentile of gross domestic product is construction comprised of?
Q767	What three things are needed for construction to take place?
Q768	Construction takes place on location for who?
Q769	What is Engineering News-Record?
Q770	What compiles and reports on data about the size of design and construction companies?
Q771	In what year did ENR compile data in nine market segments?
Q772	ENR used data on what to rank Top 400 firms as heavy contractors?
Q773	What are the three construction subsectors?
Q774	There are other categories for what?
Q775	What has a classification system for construction companies?
Q776	What are construction managers?
Q777	The modern trend in design is toward integration of what?
Q778	Even in large firms, architects, interior designers, engineers, developers, construction managers, and general contractors were more likely to be what?
Q779	In modern times, firms may offer themselves as what for a construction project?
Q780	What kind of contract is given when the contractor is given a performance specification and must undertake the project from design to construction, while adhering to the performance specifications?
Q781	What must a project adhere to?
Q782	Constructing a project that fails to adhere to codes does not benefit whom?
Q783	What is malum in se considerations?
Q784	What are malum prohibitum considerations?
Q785	Who may seek changes or exemptions in the law that governs the land where the building will be built?
Q786	What are private secondary schools in Germany called?
Q787	What types of schools are most ergänzungsschulen?
Q788	How are ergänzungsschulen funded?
Q789	Along with private individuals and organizations, what groups sometimes runs ergänzungsschulen?
Q790	What is the term for an Indian private school?
Q791	Along with the CISCE and NENBSE, what is a notable Examination Board in multiple Indian states?
Q792	How many Examination Boards exist in India?
Q793	What body in India provides policy directions to schools?
Q794	What South African law recognized two types of schools?
Q795	In what year was the South African Schools Act passed?
Q796	Along with public schools, what type of school was recognized under the South African Schools Act?
Q797	In South Africa, along with privately governed schools, what schools are classified as independent?
Q798	In what century did missionaries notably establish church schools in South Africa?
Q799	After apartheid, what types of schools are referred to as "Model C" schools?
Q800	How do academic results in former Model C schools compare to other schools?
Q801	How do the fees at former Model C schools compare to those at other schools?
Q802	What court case desegregated schools in the United States?
Q803	What is a derogatory term for the Christian academies that arose in the wake of school desegregation?
Q804	In what part of the United States did many students migrate to Christian academies during the desegregation period?
Q805	What was the primary race of students attending Christian academies after the Brown decision?
Q806	School desegregation in the United States led to an increased number of students of what ethnicity in public schools?
Q807	What is the major US city that the is the university located?
Q808	What is the size of the school's endowment?
Q809	What river is located in the vicinity of the school?
Q810	How many academic units make up the school?
Q811	What is the name of the area that the main campus is centered in Cambridge?
Q812	Where is Harvard stadium located?
Q813	What is the name of the bridge that joins parts of the campus of the Charles River?
Q814	Where are the Harvard medical, Dental and school of Public Health located?
Q815	When was the divestment from South Africa movement?
Q816	What South African Vice Consul did Harvard students blockade the speech of?
Q817	By how much did Harvard management reduce its South Africa holdings in response to pressure?
Q818	What is the applicant admission rate for class of 2019?
Q819	In what year did Harvard end its early admission program?
Q820	Why did Harvard end its early admission program?
Q821	In what year was an early admission program reintroduced?
Q822	What UN secretary went to Harvard?
Q823	What Columbia President went to Harvard?
Q824	Who is the Costa Rican President that went to Harvard?
Q825	What Harvard Alumni was the Palestine Prime Minister?
Q826	Which Florida city has the biggest population?
Q827	What was the population Jacksonville city as of 2010?
Q828	Based on population alone, what is Jacksonville's ranking in the United States?
Q829	In which county does Jacksonville reside?
Q830	What year did consolidation cause Jacksonville to become part of Duval County?
Q831	What river runs alongside Jacksonville?
Q832	How far is Jacksonville from Miami?
Q833	What is the name of the French colony established in 1564?
Q834	Prior to the arrival of the French, the area now known as Jacksonville was previously inhabited by what people?
Q835	What historical figure was Jacksonville named after?
Q836	Who mapped the St. Johns River in 1562?
Q837	For what nation did Ribault initially claim what is now Jacksonville?
Q838	Who led the attack of the French colony in 1565?
Q839	What was Fort Caroline renamed to after the Spanish attack?
Q840	Which fort was rebuilt in 1964?
Q841	What drove residents to quieter suburban housing?
Q842	What was the white population of Jacksonville as of 2010?
Q843	What term referred to middle class citizens leaving the suburbs?
Q844	Who was responsible for the new building projects in Jacksonville?
Q845	Jacksonville began to suffer and decline after what major world event?
Q846	What storm had the most significant impact on Jacksonville?
Q847	How fast were the winds around St. Augustine in the 1964 hurricane?
Q848	What was the name of the storm that hit Jacksonville in May of 2012?
Q849	What is the scale used to measure the strength of hurricanes called?
Q850	In what year did a tropical storm cause a four day loss of power to Jacksonville?
Q851	What did Stiglitz present in 2009 regarding global inequality?
Q852	How does inequality prevent growth?
Q853	What are both Branko Milanovic and Joseph Stiglitz?
Q854	What has been the main reason for the shift to the view that income inequality harms growth?
Q855	What has become the secret to economic growth?
Q856	When did Galor and Zeria show new information about inequality?
Q857	Inequality in the presence of credit market imperfections has what kind of effect on human capital formation?
Q858	What did a 1996 study by Perotti examine?
Q859	What is inequality associated with higher levels of?
Q860	What do extremely unequal societies tend to be?
Q861	What have studies on income inequality sometimes found evidence confirming?
Q862	The Kuznets curve says with economic development, inequality will decrease after what?
Q863	Who challenges the notion of the Kuznets curve hypothesis?
Q864	What's Thomas Piketty's job?
Q865	What does Piketty feel was the biggest factors in reducing inequality between 1914 to 1945?
Q866	When were theories developed suggesting inequality may have some positive effect on economic development?
Q867	According to a 1955 review, what were savings by the wealthy thought to offset?
Q868	What does a 2013 report on Nigeria suggest it's growth has done?
Q869	How long does it take for the effects to manifest as changes to economic growth?
Q870	What are longer growth spells associated with?
Q871	What needs to be made to ensure poorer members of society can participate in economic growth?
Q872	What can the growth elasticity of poverty depend on?
Q873	What does it take a country with high inequality longer to achieve?
Q874	What was Ban Ki-Moon the Secretary General of?
Q875	What isn't economic growth sufficient for progress on?
Q876	How often does Doctor Who travel by himself?
Q877	What enemy of Doctor Who is also a Time Lord?
Q878	What does Doctor Who do when his body is mortally damaged?
Q879	What type of beings does Doctor Who usually take with him on his travels?
Q880	What type of Lord is Doctor Who?
Q881	What is the name of the first Doctor Who serial?
Q882	What is the name of Doctor Who granddaughter?
Q883	In what year did Doctor Who state that he was the last Time Lord?
Q884	In 2005, what did Doctor Who think the condition of his home planet was?
Q885	In what episode did Doctor Who acknowledge having had a brother?
Q886	Since 2005, what is the gender of Doctor Who's primary traveling companion?
Q887	Who were the secondary companions of the Ninth and Tenth Doctors?
Q888	Who was the first Doctor to travel with a married couple?
Q889	Who is the new companion for the 10th series of the revival?
Q890	Who played the companion named Donna Noble?
Q891	Who was the most frequent musical contributor to Doctor Who in the first 15 years of the show?
Q892	What was the episode name of Simpson's first Doctor Who score?
Q893	In what decades was Dudley Simpson most active in contributing to Doctor Who?
Q894	What was the last Doctor Who episode that Dudley Simpson wrote music for?
Q895	In what episode did Dudley Simpson play a music conductor?
Q896	Who played Doctor Who on stage in the 70's?
Q897	What was the name of the Doctor Who play from the 1980's?
Q898	What Doctor Who was written without Doctor Who in it?
Q899	What was the name of the play performed in the 1970's?
Q900	Which actor was a replacement for Doctor Who due to the illness of the main actor?
Q901	What are the first buildings the university built knows as today?
Q902	How many quadrangles does the Main Quadrangles have?
Q903	Who helped designed the Main Quadrangles?
Q904	The Mitchell Tower is designed to look like what Oxford tower?
Q905	Hutchinson Hall was designed to look like what Oxford hall?
Q906	During what decade did the campus start to look more modern?
Q907	Who was assigned to design a second master plan?
Q908	What administration did Ludwig Mies van der Rohe designa buiding?
Q909	What public policy school found it's home in the building that Ludwig Mies van der Rohe designed?
Q910	When was the Gerald Ratner Athletics Center constructed?
Q911	What is the name of the private day school for K-12 students the university runs?
Q912	What is the name of the residential treatment program the university runs?
Q913	How many public charter schools does the university run?
Q914	What does the Urban Education Institute help run?
Q915	Where is the Hyde Park Day School located?
Q916	What Microsoft CEO is also an alumni of the University of Chicago?
Q917	Who was the founder of the Oracle Corporation?
Q918	Who is the third riches man in America?
Q919	What Goldman Sachs CEO is also an alumni of the University of Chicago?
Q920	Who founded McKinsey & Company?
Q921	What Nobel Memorial Prize in Economic Sciences winner is also a university alumni member?
Q922	What British Prime minister advisor is also a university alumni member?
Q923	Who was the first American to win the Nobel Memorial Prize in Economic Sciences?
Q924	What university alumni member was known for his work on portfolio theory?
Q925	When was Kublai's administration running out of money?
Q926	What interfered with Kublai's second invasion of Japan?
Q927	Where did the Tran dynasty rule?
Q928	In what battle were the Mongols defeated by the Tran?
Q929	When were the Mongols defeated by the Tran?
Q930	Who was Ayurbarwada's son?
Q931	When was Geegen the emperor?
Q932	Who did Gegeen appoint as grand chancellor?
Q933	What did 'Da Yuan Tong Zhi' mean?
Q934	How many rival princes were involved in assassinating Gegeen?
Q935	What cultures were part of Kublai's administration?
Q936	What dynasties inspired the Chinese-like elements of Kublai's government?
Q937	Who were two of Kublai's Chinese advisers?
Q938	What kind of division of power did Kublai's government have?
Q939	What were the three parts of Kublai's government?
Q940	What was huihui?
Q941	Who founded the Office of Western Medicine?
Q942	When was the Office of Western Medicine founded?
Q943	What aspect of Western medicine did the Chinese dislike?
Q944	What philosophies underlay Chinese medicine?
Q945	Who thought that the Yuan's social class system shouldn't be called social classes?
Q946	What did Mote think the Yuan class system really represented?
Q947	There were many Chinese with what unexpected status?
Q948	There were many Mongols with what unexpected status?
Q949	Where does Kenya rang on the CPI scale?
Q950	What does the CPI scale measure?
Q951	Where is Kenya place on the scale in 2012?
Q952	How does Kenya curb coruption?
Q953	When did Kibaki and Odinga sing an agreement on the formation of government?
Q954	What would be Odinga's role in the government?
Q955	Where did the president appoint cabinet members from?
Q956	How was it determined how many from each camp would be appointed?
Q957	How long would this coalition last?
Q958	What was the result of the 2007 election?
Q959	Who decided not to come visit the country in 2013?
Q960	Where did Kenyatta visit at the invitation of the President?
Q961	When did Obama finally visit Kenya?
Q962	Where are most working children working?
Q963	What percent of girls are in prostution in Kenyas coastal areas?
Q964	What is the age range of most prostitutes in Kenya?
Q965	What are some of the causes of child labor?
Q966	What sports are Kenyans active in?
Q967	What is the country known for?
Q968	Who dominates the world of long distance running?
Q969	What countries does Kenya compete with for long distance running?
Q970	Who is the chair of the IPCC?
Q971	What nationality is Hoesung Lee?
Q972	Who is the vice-chair of the IPCC?
Q973	Who was the first chair of the IPCC?
Q974	When did Pachauri resign as chair of the IPCC?
Q975	What does the WG I Summary for Policymakers report say human activities are doing to greenhouse gases?
Q976	What do increased greenhouse gases cause?
Q977	How much of the greenhouse effect is due to carbon dioxide?
Q978	What is the scenario called in which we don't change our greenhouse gas creation practices?
Q979	How much has global mean surface air temperature changed in the last century?
Q980	What did the IPCC say was mistaken?
Q981	What did the IPCC apologize for?
Q982	What was the source of the mistake?
Q983	What report had the correct date?
Q984	When was the paper published that the "Millennial Northern Hemisphere temperature reconstruction" graph was based on?
Q985	Who wrote the paper that the "Millennial Northern Hemisphere temperature reconstruction" graph was based on?
Q986	What is the nickname for the "Millennial Northern Hemisphere temperature reconstruction" graph?
Q987	What reconstructions supported the 1999 paper's information?
Q988	What has successfully dealt with ozone depletion?
Q989	What did the Kyoto Protocol try to address?
Q990	Whose goals often still oppose the IPCC?
Q991	What kind of cell did cynaobacteria enter long ago?
Q992	How long ago did cyanobacteria enter a cell?
Q993	What surrounds chloroplasts?
Q994	What kind of membrane came from the host?
Q995	What happened when cyanobacteria was assimilated?
Q996	What does 'plastid' mean?
Q997	How many chloroplast lineages are there?
Q998	What does rhodophyte mean?
Q999	What does chloroplastidan mean?
Q1000	Which lineage includes land plants?
Q1001	What is chloroplast DNA abbreviated as?
Q1002	What is a synonym for chloroplast DNA?
Q1003	When was the plastome discovered?
Q1004	When was the first plastome sequenced?
Q1005	Who sequenced the first plastome?
Q1006	What shows us lost chloroplasts?
Q1007	What do donated genes give evidence of?
Q1008	What kind of chloroplasts do diatoms have?
Q1009	What kind of chloroplasts did diatoms have but lost?
Q1010	What is evidence chloroplasts descended from endosymbiotic cyanobacteria?
Q1011	What is incorrectly thought about the outer chloroplast membrane?
Q1012	How do both chloroplast membranes compare to cyanobacterium's original double membranes?
Q1013	What is the only divisor besides 1 that a prime number can have?
Q1014	What are numbers greater than 1 that can be divided by 3 or more numbers called?
Q1015	What theorem defines the main role of primes in number theory?
Q1016	Any number larger than 1 can be represented as a product of what?
Q1017	Why must one be excluded in order to preserve the uniqueness of the fundamental theorem?
Q1018	What is the name of the property that designates a number as being prime or not?
Q1019	What is the name of the process which confirms the primality of a number n?
Q1020	What is the name of one algorithm useful for conveniently testing the primality of large numbers?
Q1021	What is the name of another algorithm useful for conveniently testing the primality of large numbers?
Q1022	As of January 2016 how many digits does the largest known prime consist of?
Q1023	What conjecture holds that there is an infinite amount of twin primes?
Q1024	What is a twin prime?
Q1025	Which conjecture holds that for any positive integer n, there is an infinite amount of pairs of consecutive primes differing by 2n?
Q1026	Of what form is the infinite amount of primes that comprise the special cases of Schinzel's hypothesis?
Q1027	What conjecture holds that there are always a minimum of 4 primes  between the squares of consecutive primes greater than 2?
Q1028	What does the word prime generally suggest?
Q1029	For a field F containing 0 and 1, what would be the prime field?
Q1030	How can any knot be distinctively indicated?
Q1031	What is an additional meaning intended when the word prime is used?
Q1032	What does it mean for a knot to be considered indecomposable?
Q1033	What happens to the norm when a number is multiplied by p?
Q1034	To what may general global fields be transferred to or from?
Q1035	Completing Q with respect to what will produce the field of real numbers?
Q1036	What principle highlights the significance of primes in number theory
Q1037	What flows between the Bingen and Bonn?
Q1038	What gorge is between the Bingen and Bonn?
Q1039	How was the Rhine Gorge formed?
Q1040	What is the area called near the Rhine Gorge with castles from the middle ages?
Q1041	What flows between Bingen and Bonn?
Q1042	Where does the Middle Rhine flow between Bingen and Bonn?
Q1043	What is the Rhine Gorge known for?
Q1044	What is the section of the Rhine Gorge recognized by UNESCO called?
Q1045	What is the name of the Delta in the Netherlands?
Q1046	Where does the Delta in the Netherlands begin?
Q1047	What is the nickname for the Delta in the Netherlands?
Q1048	When did the last glacial start?
Q1049	When did the last glacial end?
Q1050	Which direction did the Rhine flow during the last cold phase?
Q1051	How much lower was the North Sea in the last cold phase than it is today?
Q1052	Besides the North Sea and the Irish Channel, what else was lowered in the last cold phase?
Q1053	When did Europe slowly begin to warm up from the last Ice Age?
Q1054	What did frozen subsoil and expanded alpine glaciers begin to do?
Q1055	Where did the discharge from glaciers go in Europe in the last Ice Age?
Q1056	When did rapid warming begin and help vegetation?
Q1057	When was Europe fully forested and recovered from the last Ice Age?
Q1058	When was Rhineland subject to the Treaty of Versailles?
Q1059	When would the occupation of allies leave Rhineland?
Q1060	After 1935, who would be forbidden to enter Rhineland?
Q1061	What do some believe the Treaty of Versailles assisted in?
Q1062	When did the German army reoccupy Rhineland?
Q1063	Where was an elected assembly to be set up, under the terms of the Scotland Act of 1978?
Q1064	How many of the Scottish electorate would need to for it on the referendum?
Q1065	What percentage of the vote for a Scottish Assembly in favor of it?
Q1066	How did trying to establish a devolved Scottish Assembly go in 1979?
Q1067	What percentage of Scotland's voting population failed to actually vote?
Q1068	Where is much of the work of the Scottish Parliament done?
Q1069	What are committees in the Scottish Parliament compared to other systems?
Q1070	What is one avenue being compensated for by having committees serve such a large role?
Q1071	Taking evidence from witnesses is one of committees' what?
Q1072	Where might committees meet outside of Parliament?
Q1073	What is set up to scrutinize private bills submitted by party outsiders?
Q1074	What topic do private bills typically have?
Q1075	Who decides how land or property is allowed to be used?
Q1076	What kind of committee considered legislation on the development of the Edinburgh Tram Network?
Q1077	What is the name of matters outside the legislative ability of the Scottish Parliament?
Q1078	Issues dealt with at Westminster are not ones who is able to deal with?
Q1079	Where are issues like abortion and drug policy legislated on?
Q1080	Most aspects of transport safety is a subject dealt with by whom?
Q1081	What does being an MSP share with the House of Commons?
Q1082	When was the British Nationality Act passed?
Q1083	How old most a person be to apply to be an MSP?
Q1084	Members of which organizations are disqualified from sitting in the SP as elected MSPs?
Q1085	What act sets the term for judging the boundaries of sanity to which individuals wishing to sit on the SP must adhere?
Q1086	What type of role that Islamism seeks makes it a somewhat controversial concept?
Q1087	What do supporters of Islamism believe their views reflect?
Q1088	The idea that Islam can be apolitical isn't able to be embraced by whom?
Q1089	What does the inability to separate Islam from Islamism lead many in the West to support?
Q1090	What do progressive moderates of Islam seek to separate?
Q1091	What type of movement is the Muslim Brotherhood?
Q1092	The Muslim Brotherhood's competence compares well against what type of local governments?
Q1093	What type of assistance to out of town students is the Muslim Brotherhood known for?
Q1094	What are incompetent government's commitment to social justice limited to?
Q1095	Why has the Muslim Brotherhood facilitated inexpensive mass marriage ceremonies?
Q1096	What was Iqbal studying in England and Germany?
Q1097	What organization did Iqbal join in London?
Q1098	Who was Iqbal a critic of?
Q1099	What year did Iqbal return to Lahore?
Q1100	What book was Iqbal's seven English lectures published as?
Q1101	What type of regime ruled over Sudan for many years?
Q1102	Who was the leader of the Islamist regime in Sudan?
Q1103	What organization did General Gaafar al-Nimeiry invite members of to serve in his government?
Q1104	How did Turabi build a strong economic base?
Q1105	Where did Turabi place students sympathetic to his views?
Q1106	What type of group is The Islamic State?
Q1107	Who leads The Islamic State?
Q1108	How many people did the Islamic State control the territory of as of March 2015?
Q1109	What does the Islamic State lack from the international community?
Q1110	What did the Islamic State proclaim itself in 2014?
Q1111	Where was Friedrich Ratzel born?
Q1112	Where was Halford Mackinder born?
Q1113	Halford Mackinder and Friedrich Ratzel where what kind of geographers?
Q1114	Friedrich Ratzel thought imperialism was what for the country?
Q1115	How would the geographical societies in Europe support certain travelers?
Q1116	Orientalism refers to how the West developed a what of the East?
Q1117	Early Western texts referencing the East describe the people as being what?
Q1118	The West saw the East as what?
Q1119	What was used by the West to justify control over eastern territories?
Q1120	The West saw themselves as what compared to the east?
Q1121	When imperialism impacts social norms of a state, what is it called?
Q1122	What is Cultural Imperialism often referred to as?
Q1123	Which American show changed the views of Romanians during the cold war?
Q1124	Which historic empire used cultural imperialism to sway local elites?
Q1125	How do regimes fight against cultural imperialism?
Q1126	some debate that there is a correlation between capitalism, imperialism, and what?
Q1127	When was the military-political complex reflected upon within the scope of understanding imperialism?
Q1128	When were Joseph Schumpeter and Norman Angell at their most prolific writing period?
Q1129	Hobson argued that imperialism was an international what?
Q1130	How did Hobson argue to rid the world of imperialism?
Q1131	When did France take control of Algeria?
Q1132	When did France begin in earnest to rebuild its global empire?
Q1133	What religion did the French spread along with their imperialism?
Q1134	Where did France focus its efforts to rebuild its empire?
Q1135	When did French Republicans back building the French empire?
Q1136	When did the movement that would become The United Methodist Church begin?
Q1137	Where did the movement that would become The United Methodist Church begin?
Q1138	Why was the student group called "the Methodists?"
Q1139	What is the taskforce that was organized to identify with the pro-life position?
Q1140	In what year was there an attempt to withdraw the UMC membership?
Q1141	Who is the president of TUMAS?
Q1142	Historically, which movement has the Methodist Church supported?
Q1143	When did the UMC's General Board of Church and Society call on all United Methodists to abstain from alcohol for Lent?
Q1144	What was the name of Wesley's famous sermon in which he warned against the dangers of drinking?
Q1145	What does the United Methodist Church use in the sacrament of the Holy Communion?
Q1146	What does the UMC oppose as incompatible with the teaching of Scripture?
Q1147	The church states that, as Christians, they are aware that neither the way of what is righteous before God?"
Q1148	The Church supports those persons who conscientiously oppose what?
Q1149	Who ordained the first Methodist clergy?
Q1150	Clergy usually serve as what in local congregations?
Q1151	Elders in full connection are each a member of what?
Q1152	Each deacon in full connection is a member of what?
Q1153	What time framd does the Seven Years War cover?
Q1154	How long did the fighting last in Seven Years War?
Q1155	When was Montreal captured?
Q1156	What was first battle in 1754?
Q1157	What was the ratio of British settler to French?
Q1158	Where did British settlers live?
Q1159	Where were populations centered in colonies?
Q1160	How many men did Duquesne send to relieve  Saint-Pierre ?
Q1161	When did British begin to build fort under William Trent?
Q1162	What was the fort that was being built to be named?
Q1163	Upon learning of a French scounting party in the area, what did Washington do?
Q1164	What were casualties of battle?
Q1165	Why was Tanaghrisson supporting British efforts?
Q1166	Who was appointed as second in command to Lor Loudoun in 1756?
Q1167	Who led New France reinforcements in 1756?
Q1168	When did England formally declare war on France?
Q1169	Who provided a philosophical discussion of force?
Q1170	What was the concept of force an integral part of?
Q1171	How many elements did Aristotle believe the terrestrial sphere to be made up of?
Q1172	Where did Aristotle believe the natural place for earth and water elements?
Q1173	What did Aristotle refer to forced motion as?
Q1174	Who formed the universal theory of gravitation?
Q1175	In what century was quantum mechanics made?
Q1176	What kind of self-consistent models are physicists trying to make that would create a theory of everything?
Q1177	What type of physics model did Einstein fail to make?
Q1178	What theory best explains gravity?
Q1179	What space-time path is seen as a curved line in space?
Q1180	What is the derivative of an object's changing momentum called?
Q1181	In what sense must you be observing the curvature of space-time?
Q1182	What is  the time rate of change of electric charge?
Q1183	What magnetic and electric force acts on a charge?
Q1184	What is the law named that defines a charge moving through a magnetic field?
Q1185	Whatare the electrostatic and magnetic force awritten as the sum of?
Q1186	What causes strain in structures?
Q1187	What is used to calculate cross section area in the volume of an object?
Q1188	What are associated with normal forces?
Q1189	What includes pressure terms when calculating area in volume?
