Q0	Сколько очков уступила защита Пэнтерс?
Q1	Сколько мешков за карьеру было у Джареда Аллена?
Q2	Сколько блокировок записал на свой счет Люк Кикли?
Q3	Сколько мячей перехватил Джош Норман?
Q4	Кто больше записал на свой счет мешков в команде в этом сезоне?
Q5	Сколько перехватов приписывают защите Пэнтерс в 2015 году?
Q6	Кто был лидером Пэнтерс по мешкам?
Q7	Сколько игроков защиты Пэнтерс было выбрано для Пробоула?
Q8	Сколько вынужденных потерь мяча имел Томас Дэвис?
Q9	У какого игрока было больше всего перехватов в течение сезона?
Q10	Сколько перехватов в сезоне 2015 года сделала защита Пэнтерс?
Q11	У кого было пять мешков в девяти играх в качестве участника Каролина Пэнтерс?
Q12	Кто был лидером по количеству блокировок в Пэнтерс в 2015 году?
Q13	Сколько перехватов, сделанных Джошем Норманном, были завершены тачдауном в 2015 году?
Q14	Кто проиграл Бронкосу в дивизионном раунде?
Q15	Сколько очков Бронкос набрал за последние три минуты игры против Питтсбурга?
Q16	Кто выиграл Суперкубок XLIX?
Q17	Какой был финальный счет игры чемпионата АФК?
Q18	Сколько времени оставалось на часах, когда Бронкос сделал перехват, который завершил игру Чемпионата АФК?
Q19	Какая команда выиграла дивизионный раунд между Бронкосом и Стилерсом?
Q20	Какой был заключительный счет игры между Бронкосом и Стилерсом?
Q21	Кто выиграл Суперкубок XLIX?
Q22	Сколько секунд осталось в игре, когда Бронкос перехватил пас, что принесло победу в игре?
Q23	Во время игр плей-офф Бронкос кто вообще не делал вброса?
Q24	Кого Бронкос победил в дивизионной игре?
Q25	Сколько заключительных очков набрал Бронкос за последние три минуты игры с Питтсбургом?
Q26	Кого победил Бронкос в игре чемпионата АФК?
Q27	Кого побил Бронкос в 2015 году, чтобы победить в своем дивизионе?
Q28	Кто побил Бронкос, чтобы стать чемпионами АФК?
Q29	Сколько секунд осталось в игре, когда Пэтриотс не смогли перевести 2-очковую конверсию?
Q30	Сколько лет было Пейтону Мэннингу, когда он играл в Суперкубке 50?
Q31	Кому ранее принадлежал рекорд по игре старейшего квотербека в Суперкубке?
Q32	Сколько лет было Джону Элвею, когда он играл в Суперкубке XXXIII?
Q33	Какую роль в настоящее время играет Джон Элвей во франшизе Бронкоса?
Q34	За кого играл Джон Элвей в Суперкубке XXXIII?
Q35	Какая команда стала победителем Суперкубка XXXIII?
Q36	Кто является генеральным менеджером Бронкоса?
Q37	Сколько лет было Элвею, когда он выиграл Суперкубок XXXIII?
Q38	Кто был старейшим квотербеком в какой-либо игре Суперкубка?
Q39	Сколько команд достигли Суперкубка, когда в их составе играл Мэннинг?
Q40	Сколько различных команд довел до Суперкубка Пейтон Мэннинг?
Q41	Кто является старейшим квотербеком, который играл в Суперкубке?
Q42	Кто был старейшим квотербеком в Суперкубке до Мэннинга?
Q43	Какой Суперкубок выиграл Элвей в 38 лет?
Q44	Кто был первым квотербеком, который привел две команды к более чем одному Суперкубку?
Q45	Сколько лет было Мэннингу, когда он играл в Суперкубке 50?
Q46	Как зовут квотербека, которому было 38 лет в Суперкубке XXXIII?
Q47	Сколько премий Грэмми выиграла Леди Гага?
Q48	Что пела Леди Гага?
Q49	Какую награду получила Марли Мэтлин?
Q50	Что Марли Мэтлин перевела?
Q51	На какой язык Марли Мэтлин перевела государственный гимн?
Q52	Кто пел государственный гимн?
Q53	Какая актриса выполнила перевод на американский язык жестов для игры?
Q54	Кто исполнил государственный гимн на Суперкубке 50?
Q55	Какой актер выполнял сурдоперевод государственного гимна на Суперкубке 50?
Q56	Кто исполнил государственный гимн на Суперкубке 50?
Q57	Сколько премий Грэмми выиграла Леди Гага согласно тексту?
Q58	Кто выполнил перевод государственного гимна на язык жестов на Суперкубке 50?
Q59	На линии скольких ярдов Каролина начинала, когда в игре оставалось 4:51?
Q60	Кто потерял мяч на 3rd-and-9?
Q61	Как назвали защитника Пэнтерс за воздержание от третьего дауна?
Q62	Какой игрок ввел мяч в игру из 2?
Q63	Кто был принимающим при успешной 2-очковой конверсии?
Q64	Кто выбил мяч у Ньютона на 3rd-and-9?
Q65	Кто завладел утраченным мячом?
Q66	Кого игрока критиковали за то, что он не прыгнул в кучу, чтобы забрать мяч?
Q67	Какой игрок Пэнтерс получил штрафной, который дал Бронкосу новую серию даунов?
Q68	Сколько времени осталось в игре, когда Денвер довел счет до 24-10?
Q69	Сколько было времени на часах, когда Каролина получила мяч на их 24-ярдовую линию в четвертом периоде?
Q70	Как фамилия игрока, который забрал мяч у Ньютона в конце четвертого периода?
Q71	Как фамилия игрока, который окончательно отобрал мяч, потерянный Ньютоном в четвертом периоде?
Q72	Сколько игр Денвер удерживался вне очковой зоны после получения мяча от Ньютона?
Q73	Какова фамилия игрока, который сделал 2-ярдовый тачдаун в четвертом периоде?
Q74	Как будет "Саксонский сад" на польском языке?
Q75	Где был расположен Летний театр?
Q76	Как долго работал Летний театр?
Q77	Каким было первое литературное кабаре в Варшаве?
Q78	Какой театр был лучшим примером "Польского монументального театра"?
Q79	Кто выиграл Чемпионат Экстракласса в 2000 году?
Q80	Когда Полония Уорсоу выиграла чемпионат страны до 2000 года?
Q81	Сколько раз Полония выиграла кубок?
Q82	Где находится свой стадион Полонии?
Q83	Почему Полония была исключена из высшей лиги страны в 2013 году?
Q84	Городом какого типа была Варшава, пока она была городом?
Q85	Каким было население Варшавы в 1901 году?
Q86	Какой процент жителей Варшавы в 1901 году были католиками?
Q87	Какой процент населения Варшавы были протестантами в 1901 году?
Q88	Когда в Варшаве было разрушено большинство мест религиозного культа?
Q89	Какая основная единица территориального деления в Польше?
Q90	Какой второй уровень территориального деления в Польше?
Q91	В каких районах все регистрационные номера автомобилей одного типа?
Q92	Когда в Варшаве была основана первая фондовая биржа?
Q93	Что заставило Варшавскую фондовую биржу прекратить свою работу?
Q94	Когда была возобновлена работа Варшавской фондовой биржи?
Q95	Сколько компаний было зарегистрировано на ВФБ в августе 2009 года?
Q96	В чьей бывшей штаб-квартире находилась ВФБ до 2000 года?
Q97	Кто по прибытии придал первоначальным поселенцам викингов общую идентичность?
Q98	Как звали лидера, которому Генрихом III пожаловал дворянство
Q99	Кем был граф Мелфи
Q100	Кто был главным врагом норманнов в Италии, Византийской империи и Армении?
Q101	Как назывался норманский замок?
Q102	Кто был лидером, когда франки вошли в долину Евфрата?
Q103	С кем объединялись норманны в Анатолии?
Q104	У побережья какого континента находятся Канарские острова?
Q105	В каком году умер Тесла?
Q106	Что назвали теслой в его честь?
Q107	Где жил Тесла большую часть своей жизни?
Q108	Какова была репутация Теслы в массовой культуре?
Q109	Как Тесла финансировал свою работу?
Q110	В каком году Тесла умер?
Q111	Что назвали в честь Теслы на Генеральной конференции по мерам и весам в 1960 году?
Q112	Когда люди снова начали проявлять интерес к Тесле?
Q113	Чем был знаменит Тесла кроме своих научных достижений?
Q114	С кем сотрудничал Тесла в 1886 году?
Q115	Что финансировали Лейн и Вейл?
Q116	Что делала компания Tesla Electric Light & Manufacturing?
Q117	Что Тесла впервые получил после создания своей компании?
Q118	Что производили в компании Теслы?
Q119	Как звали новых партнеров Теслы?
Q120	Когда возникло партнерство между Теслой, Лейном и Вейлом?
Q121	Как называлась компания, которую финансировали бизнесмены?
Q122	Что делала компания Tesla Electric Light & Manufacturing?
Q123	Кто спроектировал системы освещения, которые устанавливала компания Tesla Electric Light & Manufacturing?
Q124	Когда Тесла получил патент на электрический передатчик?
Q125	Кто первым послал радиоволны через Атлантику?
Q126	Когда была демонстрация радио Маркони?
Q127	Когда был восстановлен патент Теслы?
Q128	Решение какого органа восстановило патенты Теслы?
Q129	Сколько возможных номинаций на премию было в 1915 году?
Q130	Кто получил номинацию в 1915 году?
Q131	В каком году Тесла получил Нобелевскую премию?
Q132	Какая статья была опубликована в 1937 году?
Q133	В связи с определенными заявлениями, каково было предположительное состояние его религиозных взглядов?
Q134	В заголовке статьи, что машина должна была закончить?
Q135	Какая отрасль теоретической информатики имеет дело с широкой классификацией вычислительных задач по сложности и классу отношений?
Q136	По какому основному признаку вычислительные задачи классифицируются с использованием теории сложности вычислений?
Q137	Каким термином обозначается задача, которая обычно поддается решению с помощью компьютера?
Q138	Что можно описать как строку над алфавитом в вычислительной задаче?
Q139	Как называется алфавит, чаще всего используемый в экземпляре задачи?
Q140	Какой еще существует термин для строки экземпляра задачи?
Q141	Каким образом обычно выражаются целые числа в кодировке математических объектов?
Q142	Каким образом можно кодировать графики?
Q143	Как обычно можно переформулировать функциональные задачи?
Q144	Если два целых числа умножить и вывести значение, как называется этот набор выражений?
Q145	Время, необходимое для вывода ответа на детерминированной машине Тьюринга, выражается в качестве чего?
Q146	На основе какого первичного признака классифицирует задачи теория сложности?
Q147	Какое выражение используется для идентификации любой данной серии задач, которые могут быть решены в течение времени на детерминированной машине Тьюринга?
Q148	Что является наиболее важным ресурсом, измеряемым при оценке способности машины Тьюринга решать любой данный набор задач?
Q149	Какое недоказанное предположение обычно приписывается значению классов сложности?
Q150	Какое выражение можно использовать для иллюстрации предполагаемого неравенства классов сложности?
Q151	Где могут быть расположены классы сложности RP, BPP, PP, BQP, MA и PH?
Q152	Какие доказательства между и среди классов сложности означают теоретический водораздел для теории сложности?
Q153	Насколько были распространены телесные наказания в прошлом?
Q154	Где больше не применяют телесные наказания?
Q155	В какой из западных стран телесные наказания все еще разрешены?
Q156	Какое учреждение США заявило о том, что телесные наказания не противоречат конституции?
Q157	Что причиняет телесное наказание школьникам?
Q158	В какой организации могут зарегистрироваться учителя в Уэльсе?
Q159	Что происходит со средним возрастом учителей в Уэльсе?
Q160	Когда число нападений на учителей достигло своего пика?
Q161	Что такое NASUWT?
Q162	Какое чувство внушают нападения на учителей?
Q163	Кто устанавливает требования к преподавателям в США?
Q164	Каков максимальный срок действия разрешения на преподавательскую деятельность?
Q165	Каковы минимальные требования к школьному учителю в общественной школе?
Q166	Какие школы могут не требовать сертификацию учителей?
Q167	Высокого соответствия каким стандартам могут требовать независимые школы?
Q168	Как называются духовные наставники в индуизме?
Q169	Духовное наставничество в индуизме имеет высокое или низкое значение?
Q170	На кого оказывают влияние гуру?
Q171	В каком регионе духовное наставничество обычно имеет необычайно высокое значение?
Q172	Как называется наставник в тибетском буддизме?
Q173	Что предначертано ламе?
Q174	Как называется лама, принявший обет Бодхисаттвы?
Q175	Сколько раз лама согласен терпеть перерождение?
Q176	Благодаря чему лама может проходить перерождения?
Q177	Когда писания Лютера достигли Франции, Англии и Италии?
Q178	Кто собирался в Виттенберге, чтобы послушать проповеди Лютера?
Q179	Какой этап деятельности Лютера оказался самым плодотворным?
Q180	Когда были опубликованы некоторые из самых известных работ Лютера?
Q181	Какой труд Лютера, помимо «К христианскому дворянству немецкой нации» и «О вавилонском пленении церкви», был опубликован в 1520 году?
Q182	Когда Лютер расширил свою критику, включив в нее нападки на самые главные доктрины Церкви?
Q183	Как Лютер характеризовал мессу, которая ранее считалась жертвой?
Q184	Чем, вместо жертвы, являлась месса, согласно Лютеру?
Q185	К чему призвал Лютер, отвергнув принудительное исповедование?
Q186	Что Лютер говорил монахам и монахиням относительно данных ими обетов?
Q187	На что наблюдался спрос во времена Мартина Лютера?
Q188	Какая работа Мартина Лютера стала популярной?
Q189	Чему поспособствовала популярность перевода Лютера?
Q190	Какой художник создал гравюры для Библии Лютера?
Q191	На чей английский перевод Библии повлияла Библия Лютера?
Q192	Что служило Лютеру поводом для написания гимнов?
Q193	Почему Иоганн Эш и Генрих Вос были казнены католической церковью?
Q194	Какой гимн написал Лютер после мученической смерти Эша и Воса?
Q195	Кто перевел этот гимн на английский язык?
Q196	Как называется этот гимн в переводе с английского языка?
Q197	Какая запись Лютера была найдена позднее?
Q198	На каком языке, по большей части, была эта запись?
Q199	Какая часть последней записи была написана на немецком языке?
Q200	Какое место в масштабе всей страны занимает мегалополис Южная Калифорния по численности населения?
Q201	Южная Калифорния является хорошо развитой урбанизированной территорией, однако какая ее часть остается незастроенной?
Q202	Районы Южной Калифорнии хорошо известны как крупные и разбросанные территориальные сообщества, какая другая характерная черта вам известна?
Q203	Помимо использования автомобилей, использованием чего еще знаменита Южная Калифорния?
Q204	Какой тип региона расположен внутри урбанистической территории Южной Калифорнии?
Q205	Как называются восемь метрополитенских ареалов, составляющих часть Южной Калифорнии?
Q206	Сколько расширенных метрополитенских ареалов расположены на этой территории?
Q207	Какую цифру превышает население каждого из расширенных метрополитенских ареалов?
Q208	Что образуют метрополитенские ареалы Эль-Сентро и Сан-Диего—Карлсбад—Сан-Маркос?
Q209	Сколько человек проживает на территории ареала Большого Лос-Анджелеса?
Q210	Назовите второй по загруженности аэропорт в США?
Q211	На основании какого показателя определяется степень загруженности аэропортов?
Q212	Какое место по степени загруженности на основании объема международного пассажиропотока занимает Международный аэропорт Лос-Анджелеса?
Q213	Какой однополосный аэропорт является самым загруженным аэропортом своего типа в мире?
Q214	Какой аэропорт авиации общего назначения является самым загруженным в мире?
Q215	В каком виде спорта выступает команда Лос-Анджелес Рэмс?
Q216	К какому типу спорта относится команда Лос-Анджелес Клипперс?
Q217	В каком виде спорта играет команда Лос-Анджелес Энджелс из Анахайма?
Q218	Какая команда из Южной Калифорнии играет в лиге НХЛ, кроме Анахайм Дакс?
Q219	Какая единственная команда в лиге MLS представляет Южную Калифорнию?
Q220	Какая команда выбыла из лиги MLS?
Q221	Сколько команд из Лос-Анджелеса было в лиге?
Q222	В каком году одна из двух команд выбыла из лиги?
Q223	Как называется стадион, на котором играли обе команды?
Q224	Когда выбывшая команда должна вновь вернуться в лигу?
Q225	С чем совместимы трансляции BSkyB в стандартном разрешении?
Q226	Звуковые дорожки какого типа каналы Sky Movies и Sky Box предоставляют по желанию?
Q227	Какой формат используется в трансляциях Sky+ с разрешением HD?
Q228	Какую проприетарную систему использует Sky+HD?
Q229	Какой стандарт используется для большинства трансляций в HD-качестве?
Q230	Когда был запущен сервис Sky Digital?
Q231	Какой спутник использовался при запуске Sky Digital?
Q232	Какой спутник позволил Sky Digital запустить новейший цифровой сервис?
Q233	Сколько теле- и радиоканалов может транслировать новый цифровой сервис?
Q234	Какая позиция спутника позволила Sky осуществлять практически эксклюзивное вещание на территории Великобритании?
Q235	Когда компания BSkyB объявила о своем намерении заменить бесплатные цифровые каналы?
Q236	Когда компания Setanta Sports намерена запустить услуги, доступные по подписке?
Q237	Какую платформу собирается запустить Setanta Sports?
Q238	Как был переименован сервис компании NTL?
Q239	Что входит в портфолио спортивных каналов компании BSkyB?
Q240	Какой метод выплаты социальных пособий предложил Алек Шелбрук?
Q241	Что можно приобрести в рамках Программы дополнительной продовольственной помощи?
Q242	С чем сравнивалась подписка на BSkyB на слушаниях в парламенте Великобритании?
Q243	Что проверило министерство социального обеспечения Великобритании в 2012 году?
Q244	Что, согласно министерству социального обеспечения, может означать наличие в счете за ТВ подписки на спортивные каналы?
Q245	Какую ежегодную сумму компании обязаны платить за каналы?
Q246	Включает ли новая сделка услуги предоставления видео по запросу и просмотра видео в высоком качестве?
Q247	Какая компания согласилась отменить все иски против BSkyB в Верховном суде?
Q248	Какая компания согласилась отменить иски против Virgin Media в Верховном суде?
Q249	Что послужило предметом для исков в Верховном суде?
Q250	Какая политическая партия имеет больше всего сторонников среди рабочего класса из пригородов Мельбурна?
Q251	Какая партия пользуется наибольшей поддержкой в богатых районах Мельбурна?
Q252	Какая партия пользуется наибольшей поддержкой в северо-западных и восточных регионах Виктории?
Q253	Какая партия наиболее популярна в центральных районах Мельбурна?
Q254	Какая партия пользуется наибольшей поддержкой в Бендиго и Джилонге?
Q255	Когда Виктория приняла свою конституцию?
Q256	На чем основана конституция Виктории?
Q257	Какая группа может вносить поправки в конституцию Виктории?
Q258	Какие изменения в конституции требуют определенной процедуры для их успешного внесения?
Q259	Какой документ был создан парламентом Виктории?
Q260	Какую отрасль производства вскоре потеряет Виктория?
Q261	Когда Toyota намерена закрыть свой завод в Виктории?
Q262	Когда компания Holden объявила о своем намерении закрыть завод в Виктории?
Q263	Когда закроются заводы Ford?
Q264	Автомобили какой марки производятся в Броадмидоус?
Q265	Какую колею используют железнодорожные линии в Виктории?
Q266	На колею какого размера были переведены некоторые железные дороги на западе Виктории?
Q267	Какую колею используют две туристические железнодорожные ветки?
Q268	Где были проложены узкоколейные железные дороги в Виктории?
Q269	Сколько узкоколейных железных дорог раньше находились в государственной собственности?
Q270	Когда была основана колония Новый Южный Уэльс?
Q271	Как называлась восточная половина колонии в 1788 году?
Q272	Как назвали западную половину колонии?
Q273	Где находилось колониальное правительство, управлявшее новой колонией?
Q274	Какой указ поставил протестантизм во Франции вне закона?
Q275	Когда был издан этот эдикт?
Q276	Какой французский король издал этот указ?
Q277	Сколько гугенотов покинули Францию к началу XVIII века?
Q278	В какой английской колонии переселенцам-гугенотам обещали земли?
Q279	В какой области этой британской колонии гугеноты получили земельные наделы?
Q280	Какой город был в действительности выделен гугенотам по прибытии?
Q281	Сколько переселенцев изначально обосновались в Манакинтауне?
Q282	Когда эти поселенцы были натурализованы как английские колонисты?
Q283	Кто из французских римских католиков XV века выступал в поддержку реформы церкви?
Q284	Где преподавал этот лидер реформации?
Q285	Когда он опубликовал перевод Библии на французский язык?
Q286	Кто из предводителей реформации в Швейцарии был студентом Лефевра?
Q287	Какой другой лидер европейского протестантизма получил образование в Парижском университете?
Q288	Как изменились религиозные убеждения гугенотов в Новом Свете?
Q289	Как гугеноты-поселенцы освоились в североамериканском обществе в целом?
Q290	Назовите выдающегося производителя оружия, происходящего из рода гугенотов?
Q291	До каких пор гугеноты продолжали использовать французские имена?
Q292	Как называлось предприятие по производству пороха Дюпона?
Q293	Какой немецкий правитель принял в своих владениях беженцев-гугенотов?
Q294	Какой немецкий поэт является потомком гугенотов?
Q295	Какой немецкий генерал и летчик-истребитель происходит из рода гугенотов?
Q296	Кто был последним премьер-министром ГДР?
Q297	Какой пост в кабинете министров Германии занимает Томас де Мезьер?
Q298	Что обычно используется в качестве источника тепла для закипания воды в паровом двигателе?
Q299	Как иначе называется огневая коробка или отделение двигателя для сжигания горючего вещества?
Q300	Какая энергия помимо ядерной, геотермальной энергии и энергии отходящего тепла от двигателей внутреннего сгорания применяется для подачи тепла в паровой машине?
Q301	Какой вид нагревательного элемента часто используют в игрушечных паровых машинах?
Q302	Какой прибор используется для анализа производительности двигателя?
Q303	В каком году впервые зарегистрировано применение индикатора парового двигателя?
Q304	Какая компания разработала самый успешный индикатор парового двигателя?
Q305	Кто разработал успешную версию индикатора парового двигателя для Чарльза Портера?
Q306	Где был впервые показан индикатор парового двигателя Чарльза Портера?
Q307	Что ограничивает эффективность цикла Ренкина?
Q308	Какова температура на входе в паровую турбину (в градусах Цельсия)?
Q309	Пределом текучести какого материала является температура, равная 565 °C?
Q310	Чему равен термический КПД цикла Карно турбины?
Q311	Какова приблизительная температура в конденсаторе турбины?
Q312	Какая современная компания занимается разработкой парового двигателя с применением современных материалов?
Q313	Где находится компания Energiprojekt AB?
Q314	Сколько цилиндров имеет двигатель Energiprojekt AB?
Q315	Сколько фунтов пара на киловатт-час потребляет двигатель Energiprojekt AB?
Q316	Какой КПД у двигателя высокого давления производства Energiprojekt AB?
Q317	Какой другой термин используется для обозначения роторов?
Q318	Где установлены роторы паровой турбины?
Q319	Как иначе называются статоры?
Q320	К чему крепятся статоры?
Q321	Какова стандартная скорость вращения турбины для электросетей с частотой 60 Гц в США?
Q322	Когда Карл Вильгельм Шееле открыл кислород?
Q323	В каком году Джозеф Пристли получил кислород?
Q324	Почему Пристли принадлежит приоритет в открытии кислорода?
Q325	Какой исследователь ввел в обиход название «кислород»?
Q326	Какую предшествующую теорию опровергли эксперименты Лавуазье?
Q327	Какой химик смог получить достаточное количество жидкого кислорода для изучения?
Q328	В каком году Дьюар проводил эксперимент с жидким кислородом?
Q329	Когда был разработан промышленный метод сжижения кислорода?
Q330	Какая технология сварки была представлена в 1901 году?
Q331	Какие ученые занимаются измерением количества кислорода в морских организмах?
Q332	Информацию о каких погодных характеристиках выясняют палеоклиматологи?
Q333	Насколько кислород-18 тяжелее кислорода-16?
Q334	Какую форму кислорода морские животные накапливают в больших количествах в более холодном климате?
Q335	Для какого типа климата характерен высокий уровень кислорода-18 в морской воде?
Q336	При какой длине волны полосы поглощения, полученные методом спектрофотометрии, достигают максимума?
Q337	Что можно отслеживать, измеряя излучение от растительности?
Q338	Откуда ученые собираются измерять излучение растительного покрова ?
Q339	Каков масштаб данных измерений растительного покрова?
Q340	Какой вид зондирования предполагается использовать для измерения глобального излучения?
Q341	Какое устройство используется для лечения различных заболеваний, таких как отравление угарным газом?
Q342	Что вытесняет кислород в повышенной концентрации из легких пациента?
Q343	Какой патоген, вызывающий газовую гангрену, гибнет под воздействием кислорода?
Q344	Чем опасна для дайвера слишком быстрая декомпрессия после погружения?
Q345	Когда Сирия и Египет неожиданно атаковали Израиль?
Q346	Кто был вторым по величине производителем нефти в мире?
Q347	Во сколько раз выросли цены на нефть для других стран после этого внезапного нападения?
Q348	Какой производитель нефти является близким союзником Соединенных Штатов?
Q349	С какой целью шах Ирана дал интервью?
Q350	Что оказало негативное влияние на экономику США?
Q351	Конкурентные позиции какой отрасли были ослаблены на международном уровне?
Q352	Какая проблема включает в себя инфляционное и дефляционное воздействие?
Q353	В каком регионе нефтяные компании были вынуждены увеличить поставки нефти в условиях топливного кризиса?
Q354	Сколько времени необходимо для выхода на достаточный уровень добычи нефти в новом регионе?
Q355	Кто первым возглавил Федеральную энергетическую комиссию?
Q356	Когда Никсон назначил его на данный пост?
Q357	С какой целью была создана эта временная организация?
Q358	Сколько процентов автозаправок, по данным ААА, остались без бензина?
Q359	Что послужило катализатором интереса к возобновляемым ресурсам?
Q360	Какие факты не учитываются в дорогостоящих и быстрых решениях, за которые критикуют энергетическую политику?
Q361	Кто продвигает стратегии, предусматривающие на первый взгляд целесообразные, но малоперспективные решения?
Q362	Когда компании Honda, Toyota и Nissan открыли сборочные предприятия в США?
Q363	Какой более крупногабаритный автомобиль разработала Toyota в ответ на жалобы покупателей на размеры малолитражных моделей?
Q364	Какие изменения и дополнительные элементы были внесены при производстве малолитражных автомобилей?
Q365	Как называется подразделение Toyota, выпускающее автомобили премиум-класса?
Q366	Кто возглавил комитет, созданный Симанcом?
Q367	Когда Симанс учредил этот комитет?
Q368	Какое подразделение НАСА первым поддержало выбор техники обеспечения встречи на орбите Луны (LOR)?
Q369	Кого назначили на должность заместителя директора Управления по проблемам полетов космических ЛА с экипажем?
Q370	Какое подразделение НАСА последним поддержало идею об использовании техники LOR?
Q371	Сколько астронавтов было в составе экипажа, выполнявшего испытательный полет AS-206?
Q372	Во что были одеты астронавты при выполнении двойной миссии AS-278?
Q373	Какие шлемы использовались со скафандрами до разработки прозрачных «шлемов-аквариумов»?
Q374	Какое нижнее белье, при наличии такового, входило в комплект скафандра «Аполлон»?
Q375	Что означает аббревиатура LMP применительно к стартовым позициям блока II?
Q376	Где экипаж «Аполлон-1» тренировался в Космическом центре имени Кеннеди?
Q377	Кто входил в основной состав экипажа «Аполлон-1», как они сами себя назвали?
Q378	Для моделирования какого процесса на LC-34 проводились «испытания с выдернутыми штекерами»?
Q379	Где помимо Космического центра имени Кеннеди проводились испытания корабля «Аполлон-1»?
Q380	Что стало первой проблемой в ходе «испытаний с выдернутыми штекерами»?
Q381	Когда состоялись самые первые «испытания с выдернутыми штекерами»?
Q382	Что произошло в ходе проверки отключения питания во время задержки, вызванной запахом в скафандре?
Q383	Что случилось с экипажем на борту во время «испытаний с выдернутыми штекерами»?
Q384	Что способствовало быстрому распространению огня в кабине?
Q385	Кто занимался сбором сохранившихся оригинальных записей экспедиции «Аполлон-11»?
Q386	Удалось ли восстановить и обработать эти пленки без ущерба для исторической достоверности, или некоторые аспекты записей уже не могут считаться достоверными?
Q387	Какие записи из Космического центра имени Джонсона использовались для восстановления оригинальных пленок?
Q388	Какой компании было поручено восстановить оригиналы пленок?
Q389	Были ли пленки восстановлены в цвете для улучшения качества изображения или остались черно-белыми?
Q390	Как создавались основополагающие договоры, образующие Европейский союз?
Q391	Какие два договора обеспечили дополнительные официальные институты Европейского союза?
Q392	В каком году Испания и Португалия присоединились к Европейскому союзу?
Q393	Вступила ли Норвегия в 1972 году в Европейский союз?
Q394	Какая страна в 1985 году подписала договор о предоставлении ей особого статуса?
Q395	Что вызвало необходимость заключения основных договоров, которые в конечном итоге привели к образованию ЕС?
Q396	Когда был подписан Маастрихтский договор?
Q397	Когда был принят Единый европейский акт?
Q398	Когда Дания вступила в ЕС?
Q399	Когда Гренландия подписала договор о предоставлении ей особого статуса?
Q400	Какие два руководящих органа имеют право вето на законодательном уровне?
Q401	Чего не может делать парламент, порождая дефицит равенства и демократии?
Q402	Как часто проходят парламентские выборы?
Q403	Сколько голосов необходимо набрать для эффективного вынесения вотума недоверия Комиссии?
Q404	Через какие два органа парламент должен пройти в первую очередь, чтобы принять закон?
Q405	Какой субъект имеет монополию на инициирование законопроектов?
Q406	Какие органы имеют право вносить поправки и налагать вето в ходе законодательного процесса?
Q407	Когда состоялись первые прямые выборы?
Q408	Как часто проходят парламентские выборы?
Q409	Какая партия в настоящее время является самой крупной среди партийных структур?
Q410	Если между законодательством ЕС и национальным законодательством возникает коллизия, то какое из них имеет преимущественную силу?
Q411	По какой причине Конституционный суд Италии вынес решение, в результате чего г-н Коста проиграл иск против ENEL?
Q412	В какие два года были приняты Регламенты ЕС, противоречащие итальянскому законодательству, которые послужили причиной иска Simmenthal SpA?
Q413	Какие органы должны были разработать принципы урегулирования коллизий между законами различных систем?
Q414	Когда происходил процесс Косты против ENEL?
Q415	Какой суд утверждал, что Римский договор не препятствует национализации энергетики?
Q416	Сколько первоначальных учредительных договоров ЕС защищали основные права человека?
Q417	Какие органы первоначально занимались предотвращением нарушений прав человека?
Q418	Когда была принята Европейская конвенция по правам человека?
Q419	Какой еще орган был создан одновременно с Европейской конвенцией по правам человека?
Q420	Когда Европейский совет поручил определенному органу разработать Европейскую хартию прав человека?
Q421	Что привело Великобританию к подписанию соглашения о социальной политике?
Q422	Когда Великобритания официально подписала Соглашение о социальной политике?
Q423	Какая из упомянутых директив была создана в 1994 году?
Q424	Когда была создана директива об отпуске по уходу за ребенком для родителей?
Q425	Что предписывалось проводить согласно Директиве о консультировании работников?
Q426	Какое название также используется для описания дождевых лесов Амазонки на русском языке?
Q427	Сколько квадратных километров дождевых лесов насчитывается в бассейне реки?
Q428	Сколько стран контролируют этот регион?
Q429	Сколько стран содержат в своих названиях «Амазония»?
Q430	Какой процент дождевых лесов всей планеты находится в Амазонии?
Q431	Как называется дождевой лес Амазонки по-голландски?
Q432	Какие дождевые леса покрывают большую часть бассейна Амазонки в Южной Америке?
Q433	В какой стране расположена большая часть дождевых лесов Амазонки?
Q434	Какую долю от дождевых лесов всей Земли составляют дождевые леса Амазонии?
Q435	Сколько видов деревьев можно встретить в дождевых лесах Амазонки?
Q436	К лесам какого типа относятся дождевые леса Амазонки?
Q437	Сколько квадратных километров занимает бассейн Амазонки?
Q438	Сколько стран находится в бассейне Амазонки?
Q439	В какой стране находится большая часть леса Амазонки?
Q440	Какова оценка количества деревьев в тропическом лесу Амазонки?
Q441	Сколько квадратных километров леса Амазонки было потеряно к 1991 году?
Q442	Сколько квадратных километров леса Амазонки было утрачено в 2000 году?
Q443	Для чего используется большая часть расчищенных земель в регионе Амазонки?
Q444	Какое место в мире занимает Бразилия по объему производства соевых бобов?
Q445	Какой процент расчищенных земель в бассейне Амазонки используется для выращивания скота?
Q446	Магистрали, построенные в дождевых лесах Амазонки, были построены в первую очередь для фермеров, выращивающих какой продукт?
Q447	К чему привело создание автомагистралей в тропических лесах Амазонки?
Q448	Сколько квадратных миль леса вырубалось ежегодно в период с 2000 по 2005 год?
Q449	Что случилось с темпами обезлесения в бразильском регионе Амазонки в период с 2004 по 2014 год?
Q450	Насколько выше были темпы обезлесения с 2000 по 2005 год по сравнению с периодом с 1995 по 2000 год?
Q451	Чем обеспокоены защитники окружающей среды, учитывая потерю лесов Амазонки?
Q452	В результате чего, по мнению экологов, может происходить утрата биоразнообразия?
Q453	Высвобождение чего именно из региона Амазонки беспокоит экологов?
Q454	Какое количество мирового углерода хранится в лесах Амазонки?
Q455	Сколько тонн углерода, как полагают, содержится в лесах Амазонки?
Q456	В каком году Амазонка пережила засуху, которая, возможно, была более экстремальной, чем в 2005 году?
Q457	Сколько квадратных миль территории региона было затронуто засухой 2010 года?
Q458	Сколько районов пострадало от гибели растительности в результате засухи 2010 года?
Q459	В каком году засуха затронула в основном южную часть леса Амазонки?
Q460	Сколько тонн углерода поглощается Амазонией в среднем за год?
Q461	Сколько гребневик может съесть за один день?
Q462	Сколько видов гребневиков было подтверждено?
Q463	Сколько видов гребневиков не были полностью описаны или названы?
Q464	Сколько видов гребневиков подтверждено?
Q465	Как называются маленькие щупальца цидиппид?
Q466	Сколько пищи в день съедает гребневик?
Q467	Чего нет у прибрежных бесщупальцевых гребневиков, в отличие от других гребневиков?
Q468	Что используют прибрежные бесщупальцевые гребневики в качестве зубов?
Q469	Сколько пищи съедает гребневик в день?
Q470	Как называются самые маленькие щупальца цидиппид?
Q471	Что бесщупальцевые гребневики используют в качестве зубов?
Q472	Чем цидиппиды пользуются при ловле добычи?
Q473	Сколько существует видов гребневиков?
Q474	Когда произошло мел-палеогеновое вымирание?
Q475	Доказательства указывают на то, что цидиппиды не являются чем?
Q476	Сколько лет найденным окаменелостям, представляющим собой гребневиков?
Q477	Чего нет у ископаемых гребневиков, что есть у современных?
Q478	Сколько лет ископаемым останкам, которые, как считается, состоят из гребневиков?
Q479	Какое событие произошло 66 миллионов лет назад?
Q480	Чем не являются цидиппиды?
Q481	Что есть у современных гребневиков, но отсутствует у ископаемых?
Q482	Как называются волоски на гребневиках?
Q483	Для чего используются реснички?
Q484	Как называются полосы ресничек, похожие на гребень?
Q485	Что означает ктенофора по-гречески?
Q486	Почему окаменелости гребневиков крайне редки?
Q487	Представителем типа каких организмов можно считать Эдиакарскую эоандромеду?
Q488	Как назывался период, отстоящий от нас на 505 миллионов лет?
Q489	Сколько образцов было найдено в сланцах Берджес?
Q490	Чего не хватало окаменелостям, найденным в сланцах Берджес?
Q491	Согласно недавним исследованиям, гребневики являются сестринской группой каких животных?
Q492	Какой, по мнению некоторых исследователей, самый ранний животный филум, с которого началось расхождение типов животных?
Q493	Как еще называется западная часть Фресно?
Q494	В каком направлении относительно 99-й автомагистрали находится западная часть района Фресно?
Q495	Центром какой этнической общины является западная часть Фресно?
Q496	Какие две основные азиатско-американские группы населения проживают в западном районе Фресно?
Q497	Какой район находится к западу от 41-й автомагистрали?
Q498	В честь кого назван бульвар Кирни?
Q499	Какие деревья высажены на бульваре Кирни?
Q500	Между какими двумя улицами вдоль бульвара Кирни когда-то проживали богатые афроамериканцы?
Q501	Какое имя было дано отрезку бульвара Кирни в попытке изменить имидж района?
Q502	Какой район Брукхейвена по-прежнему известен своим высоким уровнем преступности?
Q503	В скольких домохозяйствах проживают дети в возрасте до 18 лет?
Q504	Какова процентная доля домохозяек, не имеющих мужа?
Q505	Сколько насчитывалось однополых супружеских пар или партнерств?
Q506	Каким был средний размер семьи?
Q507	Каким был средний размер домохозяйства?
Q508	Какая дорога соединяет Фресно с Центральной долиной Калифорнии?
Q509	Как еще называется 168-е шоссе?
Q510	Как еще называется Йосемитское шоссе?
Q511	С какого направления через Мендоту проходит 180-е шоссе?
Q512	Какой из городов, не связанных с федеральной автомагистралью, является самым крупным?
Q513	В каком году была создана Федеральная сеть скоростных автомагистралей?
Q514	Какое шоссе планировалось модернизировать с целью последующего включения в Федеральную сеть автомагистралей?
Q515	Какие факторы влияют на желание модернизировать 90-е шоссе до стандартов федеральных автомагистралей?
Q516	Что включает в себя каждый пакет в режиме без установления соединения?
Q517	Как происходит маршрутизация пакетов?
Q518	Чем помечается каждый пакет?
Q519	Что происходит с пакетом в пункте назначения?
Q520	Когда ARPNET и SITA начали свою работу?
Q521	Каковы 2 отличия между технологиями X.25 и ARPNET и SITA?
Q522	Что обеспечивает протокол пользовательских датаграмм?
Q523	Какой тип сети использует X.25?
Q524	Что такое DECnet?
Q525	Что изначально выполнял DECnet?
Q526	Первоначально DEC состояла из трех уровней, сколько уровней сеть стала включать позднее?
Q527	Что появилось в Фазе II DECnet'а?
Q528	Почему сеть Merit сформировалась в Мичигане?
Q529	Что завершило триаду?
Q530	Что подготовило почву для участия компании Merit в создании NSFNET?
Q531	Что такое Интернет2?
Q532	С кем сотрудничал консорциум Internet2?
Q533	Как называлась первая сеть Internet2?
Q534	С кем сотрудничала организация Internet2?
Q535	Abilene прекратила работу, как теперь называется новая платформа?
Q536	Кого изначально винили в возникновении Черной смерти?
Q537	Для кого был написан медицинский отчет?
Q538	Какова более новая и широко принятая теория распространения чумы?
Q539	Под каким названием официально известна теория плохого воздуха?
Q540	Что такое клады?
Q541	Какие штаммы чумной палочки были найдены в массовых захоронениях?
Q542	Что эти штаммы чумной палочки говорят нам о чуме?
Q543	Как и когда первый вид чумной палочки проник в Европу?
Q544	Когда чумная палочка добралась до Англии?
Q545	Что предполагает Грэхэм Твигг относительно распространения заболевания?
Q546	Какова была теория Нормана Кантора о чуме?
Q547	Какие заболевания, по мнению многих ученых, способствовали пандемии чумы?
Q548	Что такое сепсис?
Q549	Сколько тел эксгумировали ученые Public Health England?
Q550	Сколько людей умерло от чумы в Париже в 1466 году?
Q551	Черная смерть опустошала Европу на протяжении трех лет, а затем перешла в какую страну?
Q552	Какую вспышку связывают с войсками в Тридцатилетней войне?
Q553	Когда была последняя вспышка чумы?
Q554	Сколько раз чума охватывала Венецию?
Q555	В какие годы чума присутствовала в исламских странах?
Q556	Сколько людей погибло из-за чумы в Алжире с 1620 по 1621 год?
Q557	Сколько чума присутствовала в Османской империи?
Q558	Сколько людей, по максимальным оценкам, умерло от чумы в Багдаде?
Q559	Зачем нужен второй график?
Q560	Какой график масштабирован на четвертой шкале?
Q561	Как называется текущая эпоха?
Q562	Во время какого периода была Плейстоценовая эпоха?
Q563	Какой принцип основан на наличии окаменелостей в осадочных горных породах?
Q564	На основе чьих принципов был разработан принцип фаунистической сукцессии?
Q565	Каким становится принцип с учетом того факта, что не все окаменелости можно обнаружить по всему миру в один период времени?
Q566	Наличие или отсутствие чего можно использовать для определения относительного возраста формаций, в которых это обнаружено?
Q567	За 100 лет до чьей теории эволюции был разработан принцип фаунистической сукцессии?
Q568	Кто выполняет анализ таких стратиграфических разрезов, как керны?
Q569	Какой вид исследований показывает расположение стратиграфических единиц в недрах?
Q570	Какие данные можно объединить с геофизическими данными для получения более полного представления о геологической среде?
Q571	Какой инструмент стратиграфы используют для представления своих данных в трех измерениях?
Q572	Стратиграфы пытаются определить области для каких видов добычи?
Q573	До какого времени, по мнению Филдинга Х. Гаррисона, можно проследить происхождение геологической науки?
Q574	Живя в 973—1048 гг. н. э., он был одним из первых персидских геологов, как его звали?
Q575	В Китае этот человек сделал вывод о том, что земля образовалась в результате эрозии горных пород и отложения ила, как его звали?
Q576	Этот человек предложил объяснения происхождения землетрясений и образования гор, как его звали?
Q577	Что заставило Шэня Куа думать, что земля формировалась в результате эрозии горных пород?
Q578	Кого считают первым современным геологом?
Q579	Какую работу Джеймс Хаттон представил Эдинбургскому королевскому обществу в 1785 году?
Q580	В каком году Джеймс Хаттон опубликовал двухтомную версию своих теорий?
Q581	Какова главная идея работы Джеймса Хаттона?
Q582	Как называлось первое описанное поселение на месте современного Ньюкасла?
Q583	Мост через какую реку находился на этом месте во времена Римской империи?
Q584	Каким было примерное население Понс-Элиуса во 2 веке?
Q585	Фрагменты чьей стены можно увидеть в Ньюкасле даже сегодня?
Q586	Вторжения каких племен с севера боялись римляне?
Q587	Какой более ранний рынок заменил рынок Грейнджера?
Q588	Когда был открыт первый крытый рынок Ньюкасла?
Q589	Сколько гостей посетили ужин в честь открытия рынка Грейнджера?
Q590	Каким образом открытие рынка Грейнджера задокументировано в художественной галерее Laing?
Q591	Кто в 1954 году присвоил рынку Грейнджера 1 класс?
Q592	Каким музыкальным жанром можно охарактеризовать Lindisfarne?
Q593	В каком году была выпущена песня Fog on the Tyne?
Q594	Какую группу многие считают первой блэк-метал-группой?
Q595	Какую группу часто называют первой фолк-метал-группой?
Q596	Бывшим главным гитаристом какой группы является уроженец Ньюкасла Энди Тейлор?
Q597	Какая подземка покрывает большую часть Тайн-энд-Уир?
Q598	В сколько этапов открывался метрополитен с 1980 по 1984 год?
Q599	Какой вид туннелей был построен в центре Ньюкасла?
Q600	Что Елизавета II открыла в Ньюкасле в 1981 году?
Q601	Сколько пассажиров в год перевозит железнодорожная сеть в Ньюкасле?
Q602	Сколько университетов в Ньюкасле?
Q603	Какой университет берет начало от факультета медицины и хирургии?
Q604	Что выиграл Ньюкаслский университет в 2000 году?
Q605	Что случилось в 1992 году в рамках общего процесса в Великобритании?
Q606	Какой университет выиграл награду за "Оснащенность с наибольшим количеством ИТ-ресурсов"?
Q607	На базе какой всемирной выставки был основан музей Виктории и Альберта?
Q608	Кто был первым директором музея Виктории и Альберта?
Q609	Как изначально назывался музей?
Q610	Куда был переведен музей Виктории и Альберта со своего изначального расположения в Мальборо-хаус?
Q611	Какого немецкого архитектора попросили разработать дизайн музея?
Q612	Примерно сколько произведений искусства включено в дальневосточные коллекции?
Q613	Какие страны представлены в дальневосточных коллекциях?
Q614	Как называется галерея, посвященная китайскому искусству?
Q615	В каком году открылась галерея, посвященная китайскому искусству?
Q616	Правлением каких двух династий датируется большинство произведений искусства из дальневосточных коллекций?
Q617	Сколько примерно предметов в коллекции костюмов музея Виктории и Альберта?
Q618	В каком отделе хранятся бумажные работы из коллекции костюмов?
Q619	Почему в коллекции доминирует модная одежда для особых случаев?
Q620	В каком году музей Виктории и Альберта получил коллекцию Талбота Хьюса?
Q621	Подарком от какой компании была коллекция Талбота Хьюса?
Q622	Сколько примерно человек подписали онлайн-петицию на парламентском сайте в ответ на закрытие галереи музыкальных инструментов?
Q623	Какой член парламента объяснил способы сохранения музеем коллекции и обеспечения ее доступности публике?
Q624	Какой музей должен был получать музыкальные инструменты из галереи музыкальных инструментов на временное хранения?
Q625	Примерно сколько музыкальных инструментов были получены на хранение музеем Хорнимана?
Q626	В каком году была закрыта галерея музыкальных инструментов?
Q627	В каком году Джон Шипшэнкс подарил музею большое количество картин?
Q628	Сколько картин Джон Шипшэнкс отдал музею?
Q629	Какова была цель внушительного завещания Джона Шипшэнкса музею?
Q630	Набросок маслом в натуральную величину какой знаменитой британской картины 1821 года был подарен музею дочерью Джона Шипшэнкса в 1888 году?
Q631	Художниками какой национальности были авторы картин, подаренных Джоном Шипшэнксом музею?
Q632	Что оказалось в центре интернет-кампании ABC, запущенной в 2000 году?
Q633	Кто был нанят для разработки идентичности ABC 2001-02?
Q634	Какого цвета был логотип ABC в 2001 году?
Q635	Какое прозвище у логотипа ABC из кампании 2000 года?
Q636	Кто разработал новый графический дизайн ABC 1998 года?
Q637	В каком году ABC перестала использовать свою мелодию из четырех нот в рекламных целях?
Q638	На какой кампании по созданию образа базировалась новая мелодия ABC из четырех нот?
Q639	Где все еще используется четырехнотная мелодия ABC?
Q640	Кого Нобл назначил президентом ABC' в 1950 году?
Q641	Голденсон предложил слияние какой сети с UPT в октябре 1954 года?
Q642	Согласно плану слияния Голденсона, как должна была называться новая организация?
Q643	Сколько денег должна была получить DuMont Television Network согласно плану слияния Голденсона?
Q644	В каком десятилетии ABC завершил переход к цвету?
Q645	Какая сеть в 1970-х смогла переместиться на первое место по рейтингам ?
Q646	Какие данные ABC начала использовать в 1970-х для более эффективного таргетинга рекламы и передач для определенных аудиторий?
Q647	Каким процентом телевизионной аудитории в прайм-тайм обладали три самые крупные сети в 1980 году?
Q648	Какая драма от Аарона Спелинга дебютировала на ABC в 80-х?
Q649	Как назывался спин-офф "Счастливых дней", дебютировавший в 1980-х на ABC?
Q650	Какой канал, посвященный передачам о культуре и искусстве, ABC запустил в 1981 году?
Q651	Из какого племени была женщина, на которой женился Тэмуджин в возрасте примерно 16 лет?
Q652	Кто похитил первую жену Тэмуджина вскоре после их женитьбы?
Q653	Кто помог Тэмуджину вызволить его жену у меркитов?
Q654	Как звали первого сына жены Тэмуджина Бортэ?
Q655	В каком году Бортэ родила Джучи?
Q656	Кто из тех, кого поддерживал Джамуха, не входил в состав базы поддержки Тэмуджина?
Q657	Какое объявление шамана способствовало восхождению Тэмуджина?
Q658	Когда Тэмуджин был избран монгольским ханом?
Q659	Какое сражение Тэмуджин проиграл Джамухе вскоре после своего избрания монгольским ханом?
Q660	Куда был сослан покровитель Тэмуджина Тоорил?
Q661	Как называется по-монгольски первоначальное место, на котором находился мавзолей Чингисхана?
Q662	В каком буддийском монастыре находился мавзолей Чингисхана во время японской оккупации?
Q663	Куда переместили солдаты Гоминьдана мавзолей при продвижении сил китайских коммунистов?
Q664	Когда был возвращен мавзолей в кенотаф в Монголии?
Q665	Кто уничтожил наиболее ценные реликвии во время Культурной революции?
Q666	С каким морем граничила империя Чингисхана на востоке в момент его смерти?
Q667	Какое водное пространство находилось к западу от Монгольской империи в момент смерти Чингисхана?
Q668	При чьем правлении происходила самая быстрая экспансия Монгольской империи?
Q669	В каком году завершился конфликт с империей Сун?
Q670	Какой потомок Чингисхана разграбил Багдад?
Q671	Кто сдержал дальнейшее продвижение Хулагу-хана по Среднему Востоку?
Q672	Кто из потомков Чингисхана выбил мамлюков из Палестины?
Q673	В каком году внук Чингисхана вторгся в Киевскую Русь?
Q674	Какие крупные города в Восточной Европе не были разрушены в результате монгольского вторжения?
Q675	Кто контролирует аптекарей в Великобритании?
Q676	В какой организации должен зарегистрироваться аптекарь?
Q677	Что является главной обязанностью ГФС?
Q678	Какого типа специалистом считается аптекарь?
Q679	Какого рода обязанности может иметь аптекарь?
Q680	Какие достижения ученых оказали влияние на возникновение фармакологии в средневековом исламе?
Q681	Кто оказал решающее влияние на распространение использования химических соединений в качестве лекарств?
Q682	Кто написал Liber servitoris?
Q683	Кто написал о дистиллировании питьевой воды из морской воды?
Q684	Между какими двумя соединениями проводил различие Аль-Муваффак?
Q685	Чем регулируется деятельность рецептурных отделов в большинстве стран?
Q686	Каким кругом обязанностей ограничивались аптекари в прошлом?
Q687	От чего всё больше и больше зависят аптекари?
Q688	Какие новые обязанности имеются теперь у аптекарей?
Q689	Какие требования предъявляются законодательством  об аптечной практике?
Q690	Чем в основном занимается фармацевтическая консультация?
Q691	Где обычно работает большинство фармацевтов-консультантов?
Q692	Перечислите некоторые из крупных фармацевтических управляющих компаний.
Q693	В чем основная причина того, что фармацевты-консультанты всё больше работают непосредственно с пациентами?
Q694	Что делают некоторые микрорайонные аптеки?
Q695	Как регулируется деятельность фармацевтов на большинстве юрисдикционных территорий?
Q696	Кто имеет право поставлять запланированные лекарственные препараты населению в соответствии с правилами, действующими на большинстве юрисдикционных территорий?
Q697	Какая организация утверждает, что врачи также имеют право отпускать лекарства при определенных условиях?
Q698	Каково примерное количество врачей, которые сами отпускают лекарства?
Q699	Что запрещается делать фармацевтам?
Q700	Что может возникать вследствие нарушений иммунной системы?
Q701	Когда возникает иммунодефицит?
Q702	Что вызывается иммунодефицитом?
Q703	Назовите одну из причин иммунодефицита.
Q704	Назовите какую-нибудь из распространенных аутоиммунных болезней.
Q705	Что случается, когда иммунная система менее активна, чем в норме?
Q706	Как называется гиперактивная иммунная система, атакующая нормальные ткани?
Q707	Какая область занимается изучением иммунной системы?
Q708	Какое приобретенное заболевание вызывает у людей иммунодефицит?
Q709	Какой класс противовоспалительных средств является самым эффективным?
Q710	С каким классом лекарств иногда используются малые дозы противовоспалительных средств?
Q711	Приведите два примера цитотоксических или иммунодепрессивных препаратов.
Q712	Приведите пример иммунодепрессивного препарата, препятствующего активности T-клеток путем изменения пути передачи сигналов.
Q713	Приведите примеры дифференцированных эффекторных клеток, количество которых достигает максимума в периоды бодрствования.
Q714	Количество каких двух противовоспалительных молекул достигает максимума в периоды бодрствования?
Q715	Из-за присутствия какой молекулы воспаление происходит во время сна?
Q716	Продукции чего может активно препятствовать мелатонин во время сна?
Q717	Какие молекулы адаптивной иммунной системы имеются только у челюстноротых?
Q718	Приведите два примера примитивных челюстноротых?
Q719	Как называется совокупность рецепторов, имеющаяся у примитивных бесчелюстных позвоночных?
Q720	Эволюция какой части иммунной системы произошла у предка челюстноротых по эволюции?
Q721	Как называется процесс, при помощи которого обманывается адаптивная иммунная система путем  изменения несущественных эпитопов?
Q722	Приведите пример вируса, пользующегося антигенной вариацией.
Q723	Приведите пример паразита, пользующегося стратегией антигенной вариации,чтобы избежать разрушения.
Q724	Какие молекулы могут быть замаскированы молекулами клетки организма-носителя, благодаря чему вирус не обнаруживается?
Q725	Какой поэт написал после Манчестерской бойни поэму «Маскарад анархии»?
Q726	Какого типа протест был описан впервые, как считается, в его поэме?
Q727	Как называлась доктрина Ганди, возникшая под влиянием Шелли?
Q728	Чего старался добиться Ганди, цитируя часто поэму Шелли?
Q729	Произведения какого известного писателя имеют сходство с Перси Шелли?
Q730	Кто написал поэму «Маскарад анархии»?
Q731	В качестве протеста против чего была написана поэма «Маскарад анархии»?
Q732	Какой принцип был описан в поэме «Маскарад анархии»?
Q733	Как назывался труд Ганди?
Q734	Какой знаменитый индиец практиковал гражданское неповиновение?
Q735	Как называется активная попытка свергнуть правительство или изменить мировоззрение?
Q736	Какая группа людей осуществила акцию революционного гражданского неповиновения против австрийского правительства?
Q737	Кто руководил акцией гражданского неповиновения венгров?
Q738	Чей пример привлек внимание к революционному гражданскому неповиновению в отношении культуры?
Q739	К каким другим темам может иметь отношение гражданское неповиновение?
Q740	Что такое простая форма гражданского неповиновения?
Q741	Почему отдельное лицо может выбрать гражданское неповиновение, направленное против каких-то конкретных законов?
Q742	Какова цель индивидуального гражданского неповиновения?
Q743	Какой тип гражданского неповиновения имеет более крупный масштаб?
Q744	Какие знаменитые акции индийцев считались гражданском неповиновением?
Q745	Что становится более трудным из-за бойкотов, отказа платить налоги, сидячих забастовок и уклонения от призыва?
Q746	Назовите один из способов, с помощью которых организация Plowshares временно закрыла станцию Вайопаи службы GCSB?
Q747	Назовите другой способ, с помощью которого организация Plowshares временно закрыла ее?
Q748	Каким способом ведут себя иногда люди, по утверждению Браунли, с целью добиться того, чтобы об их проблеме услышали?
Q749	Какими можно считать формы гражданского неповиновения, когда многочисленные группы людей вместе бойкотируют систему или не платят налоги?
Q750	К какому типу относится неповиновение федеральному правительству?
Q751	Какой побочный эффект от этого типа протестов является проблемным?
Q752	Какую цель ставят перед собой многие из этих протестов?
Q753	Каким образом вы можете протестовать против крупных компаний без проявления насилия?
Q754	Что считают необходимым признавать некоторые лица, проявляющие гражданское неповиновение?
Q755	Почему необходимо соглашаться с наказанием?
Q756	Против чего протестуют некоторые люди?
Q757	Как называется группа, вообще не соглашающаяся с существованием правительства?
Q758	По какой причине анархисты не хотят соглашаться с наказанием?
Q759	Какой тип наказания применяется к лицам, проявляющим гражданское неповиновение?
Q760	Какова обычно цель сделки о признании вины?
Q761	Когда арестуют большое количество людей, какова обычная тактика переговоров?
Q762	Какого типа сделка заключается иногда в качестве акта неповиновения?
Q763	Какой знаменитый индиец сделал официальное заявление и отдался на милость суда?
Q764	Что представляет собой процесс построения здания или инфраструктуры?
Q765	Что включает в себя обычно массовое изготовление похожих товаров без того, чтобы назначался покупатель?
Q766	Какой процент валового национального продукта составляет строительство?
Q767	Какие три составляющие необходимы для осуществления строительства?
Q768	Для кого осуществляется строительство на некоторой территории?
Q769	Что такое Engineering News-Record?
Q770	Кто составляет и выпускает отчеты по данным о размере дизайна и о строительных компаниях?
Q771	В каком году ENR собрал данные по девяти сегментам рынка?
Q772	По каким сегментам рынка ENR использовал данные, с тем чтобы расположить 400 самых крупных компаний в определенном порядке в соответствии с объемом исполненных ими работ?
Q773	Назовите три строительных подсектора.
Q774	Для чего имеются другие категории?
Q775	Что имеет система классификации строительных компаний?
Q776	Кто такие руководители строительства?
Q777	Современная тенденция в дизайне заключается в интеграции чего?
Q778	Как чаще всего были представлены, даже в крупных компаниях, архитекторы, дизайнеры интерьеров, инженеры, компании-застройщики, руководители строительства и подрядчики, выполняющие основные строительные работы?
Q779	В качестве кого могут предлагать себя компании в настоящее время для осуществления строительного проекта?
Q780	Какого типа контракт заключается, когда перед фирмой-исполнителем ставятся технические условия и она должна взяться за выполнение проекта от дизайна до строительства, придерживаясь при этом технических условий?
Q781	Чего должен придерживаться проект?
Q782	Кому не выгодно строительство проекта, не придерживающегося норм?
Q783	Что такое соображения о деяниях, преступных по своему характеру?
Q784	Что такое соображения о формальных преступлениях?
Q785	Кто может добиваться перемен или исключений в законе, регулирующем использование земли там, где будет построено здание?
Q786	Как в Германии называются частные средние школы?
Q787	Какими типами школ является большинство дополнительных школ?
Q788	Как финансируются дополнительные школы?
Q789	Какие группы иногда управляют дополнительными школами наряду с частными лицами и организациями?
Q790	Какой термин используется для частной школы в Индии?
Q791	Какая известная экзаменационная комиссия присутствует во многих штатах наряду с CISCE и NENBSE?
Q792	Сколько экзаменационных комиссий существует в Индии?
Q793	Какой орган Индии предоставляет установочные предписания?
Q794	Какой закон ЮАР признал два типа школ?
Q795	В каком году был принят Акт ЮАР о школах?
Q796	Какой тип школы был признан Актом ЮАР о школах наряду с государственными школами?
Q797	Какие школы в ЮАР классифицируются как независимые наряду со школами, которые управляются частным образом?
Q798	В каком столетии миссионеры основали церковные школы в ЮАР?
Q799	Какие школы после апартеида называются школами "Модели С"?
Q800	Как академические результаты в бывших школах Модели С отличаются от других школ?
Q801	Каким образом сборы в бывших школах Модели С отличаются от сумм в других школах?
Q802	Какое решение суда ликвидировало сегрегацию в школах США?
Q803	Каким пренебрежительным термином, возникшим после десегрегации школ, называли христианские академии?
Q804	В какой части Соединенных Штатов многие учащиеся перешли в христианские академии во время периода десегрегации?
Q805	Учащиеся как правило какой расы посещали христианские академии после решения в деле Брауна?
Q806	К увеличению числа учащихся какой этнической группы в государственных школах привела школьная десегрегация в Соединенных Штатах?
Q807	В каком большом городе США расположен университет?
Q808	Какой размер фонда университета?
Q809	Какая река находится в непосредственной близости от университета?
Q810	Из скольких академических единиц состоит университет?
Q811	Как называется район, в котором находится главный кампус в Кембридже?
Q812	Где находится Гарвардский стадион?
Q813	Как называется мост на реке Чарльз, соединяющий части кампуса?
Q814	Где находятся Гарвардская медицинская школа, Гарвардская школа стоматологии и Гарвардская школа общественного здравоохранения?
Q815	Когда было движение за прекращение инвестирования в Южно-Африканскую Республику?
Q816	Речь какого вице-консула Южно-Африканской Республики заблокировали студенты-активисты?
Q817	На какую сумму руководство Гарварда сократило капиталовложения в ЮАР в ответ на давление?
Q818	Каким является процент приема абитуриентов в 2019 году?
Q819	В каком году Гарвард прекратил программу раннего приема?
Q820	Почему Гарвард прекратил программу раннего приема?
Q821	В каком году программа раннего приема была введена снова?
Q822	Кто из секретарей ООН посетил Гарвард?
Q823	Какой колумбийский президент посещал Гарвард?
Q824	Кто из президентов Коста-Рики посещал Гарвард?
Q825	Какой выпускник Гарварда был премьер-министр Палестины?
Q826	Какой город Флориды имеет самое большое население?
Q827	Какова была численность населения Джэксонвилля в 2010 году?
Q828	Исходя из численности населения, какое место занимает Джэксонвилл в Соединенных Штатах?
Q829	В каком округе находится Джэксонвилл?
Q830	В каком году благодаря объединению Джэксонвилл стал частью округа Дувал?
Q831	Какая река протекает вдоль Джэксонвилля?
Q832	Как далеко Джэксонвилл находится от Майями?
Q833	Как называется французская колония, основанная в 1564 году?
Q834	Каким народом была заселена область, которая сейчас известна как Джэксонвилл, до прибытия французов?
Q835	В честь какой исторической фигуры назван Джэксонвилл?
Q836	Кто нанес на карту реку Сент-Джонс в 1562 году?
Q837	Какой нации по требованию Рибо должно было принадлежать то место, которое сейчас называется Джэксонвилл?
Q838	Кто руководил нападением на французскую колонию 1565 году?
Q839	Как был переименован Форт-Каролин после нападения испанцев?
Q840	Какой форт был заново построен в 1964 году?
Q841	Что подтолкнуло жителей переезжать в более спокойное загородное жилье?
Q842	Какова была численность белого населения в Джэксонвилле в 2010 году?
Q843	Какой термин относится к гражданам среднего класса, покидающим пригород?
Q844	Кто отвечал за новые строительные проекты в Джэксонвилле?
Q845	После какого крупного мирового события Джэксонвилл начал страдать и приходить в упадок?
Q846	Какой шторм оказал наибольшее влияние на Джэксонвилл?
Q847	Какой была скорость ветра возле Святого Августина во время урагана 1964 года?
Q848	Как назывался шторм в Джэксонвилле, который случился в мае 2012 года?
Q849	Как называется шкала, которую используют для измерения силы урагана?
Q850	В каком году тропический шторм привел к четырехдневной потери энергоснабжения в Джэксонвилле?
Q851	Что в 2009 году Стиглиц представил относительно глобального неравенства?
Q852	Каким образом неравенство препятствует росту?
Q853	Кто такие Бранко Миланович и Джозеф Стиглиц?
Q854	Что послужило основной причиной перехода ко мнению, что неравенство доходов препятствует росту?
Q855	Что стало секретом экономического роста?
Q856	Когда Галор и Зеира продемонстрировали новую информацию о неравенстве?
Q857	Какое влияние на формирование человеческого капитала оказывает неравенство в присутствии несовершенств кредитного рынка?
Q858	Что было предметом исследования работы Перотти от1996 года?
Q859	Неравенство связано с более высокими уровнями чего?
Q860	Какими склонны быть крайне неравные общества?
Q861	Подтверждения чего иногда были найдены во время исследования о неравенстве доходов?
Q862	После чего, согласно кривой Кузнеца, с экономическим развитием уменьшится уровень неравенства?
Q863	Кто оспаривает понятие гипотезы кривой Кузнеца?
Q864	Кем работает Томас Пикетти?
Q865	Что, по мнению Пикетти, было главным фактором сокращения уровня неравенства в период с 1914 по 1945 год?
Q866	Когда были разработаны теории, согласно которым неравенство может оказывать положительное влияние на экономическое развитие?
Q867	Что могли компенсировать сбережения богатых людей согласно обзору от 1955 года?
Q868	Что, согласно отчету по Нигерии от 2013 года, произошло с ростом?
Q869	Сколько необходимо времени, чтобы влияние проявило себя в виде изменений экономического роста?
Q870	С чем связаны более длительные периоды роста?
Q871	Что необходимо сделать, чтобы более бедные члены общества могли участвовать в экономическом росте?
Q872	От чего может зависеть эластичность бедности по росту?
Q873	Для достижения чего стране с высоким уровнем неравенства необходимо больше времени?
Q874	Генеральным секретарем чего был Пан Ги Мун?
Q875	Для прогресса в чем экономического роста недостаточно?
Q876	Как часто Доктор Кто путешествует сам?
Q877	Кто из врагов Доктора Кто также является Повелителем времени?
Q878	Что делает Доктор Кто, когда его тело смертельно повреждено?
Q879	Каких существ Доктор Кто обычно берет с собой в путешествие?
Q880	Каким типом повелителя является Доктор Кто?
Q881	Как называется первый сериал Доктора Кто?
Q882	Как зовут дочь Доктора Кто?
Q883	В каком году Доктор Кто заявил, что является последним Повелителем времени?
Q884	Каким Доктор Кто считал состоянием своей родной планеты в 2005 году?
Q885	В какой серии Доктор Кто признал, что у него есть брат?
Q886	Какого пола является основной спутник Доктора Кто с 2005 года?
Q887	Кто были второстепенными спутниками Девятого и Десятого Докторов?
Q888	Кто был первым Доктором, который путешествовал с супружеской парой?
Q889	Кто является новым спутником для 10-й серии возрождения?
Q890	Кто играл спутницу по имени Донна Ноубл?
Q891	Кто был самым частым музыкальным автором фильма "Доктор Кто" в первые 15 лет шоу?
Q892	Как называлась серия фильма "Доктор Кто", для которой Симпсон написал первую музыку?
Q893	В какие десятилетия Дадли Симпсон был наиболее активным участником "Доктора Кто"?
Q894	Для какой последней серии "Доктора Кто» Дадли Симпсон написал музыку?
Q895	В какой серии Дадли Симпсон сыграл роль дирижера?
Q896	Кто играл Доктора не сцене в 70-х годах?
Q897	Как называлась пьеса про Доктора Кто с 1980-х годов?
Q898	Какая из серий "Доктора Кто" была написана без участия Доктора Кто?
Q899	Как называлась пьеса в 1970-х годах?
Q900	Какой актер заменил Доктора Кто из-за болезни главного актера?
Q901	Какие первые здания, построенные университетом, известны сегодня?
Q902	Сколько четырехугольных дворов имеет Главный четырехугольный двор?
Q903	Кто помогал проектировать Главный четырехугольный двор?
Q904	Башня Митчелла спроектирована так, чтобы быть похожей на какую Оксфордскую башню?
Q905	Хатчинсон Холл был спроектирован так, чтобы быть похожим на какой Оксфордский холл?
Q906	В течение какого десятилетия кампус начал приобретать более современный вид?
Q907	Кому была поручена разработка второго генерального плана?
Q908	Здание какого управления спроектировал Людвиг Мис ван дер Роэ?
Q909	Какой факультет публичной политики был размещен в здании, которое спроектировал Людвиг Мис ван дер Роэ?
Q910	Когда был построен Спортивный центр имени Джеральда Ратнера?
Q911	Как называется частная дневная школа для учеников начальных классов, которая находится в ведении университета?
Q912	Как называется программа стационарной реабилитации, котрую проводит университет?
Q913	Сколько общественных чартерных школ находятся в ведении университета?
Q914	Чем помогает управлять Институт городского образования?
Q915	Где находится Дневная школа Гайд-парка?
Q916	Каким выпускником Чикагского университета также является главный исполнительный директор Microsoft?
Q917	Кто был основателем Oracle Corporation?
Q918	Кем является третий человек по размеру состояния в Америке?
Q919	Кем также является главный исполнительный директор Goldman Sachs и выпускник Чикагского университета?
Q920	Кто основал McKinsey & Company?
Q921	Какой лауреат Нобелевской премии по экономике также является выпускником университета?
Q922	Советником какого британского премьер-министра также является выпускник университета?
Q923	Кто был первым американцем, получившим Нобелевскую премию по экономике?
Q924	Какой выпускник университета был известен благодаря своей работе над теорией портфеля?
Q925	Когда у администрации Хубилая закончились деньги?
Q926	Что мешало второму вторжению Хублая в Японию?
Q927	Где правила династия Чан?
Q928	В каком сражении династия Чан нанесла поражение монголо-татарам?
Q929	Когда династия Чан нанесла поражение монголо-татарам?
Q930	Кем был сын Аюрбарибады?
Q931	Когда Шидэбала был императором?
Q932	Кого Шидэбала назначил великим канцлером?
Q933	Что значили "Всесторонние учреждения Великого Юаня"?
Q934	Сколько соперничающих правителей участвовали в убийстве Шидэбалы?
Q935	Какие культуры были частью администрации Хубилая?
Q936	Какие династии вдохновили подобные китайским элементы правительства Хубилая?
Q937	Кем были два китайских советника Хубилая?
Q938	Какое разделение властей было у правительства Хубилая?
Q939	Каковы были три части правительства Хубилая?
Q940	Что такое хуэйхуэй?
Q941	Кто учредил Управление западной медицины?
Q942	Когда было учреждено Управление западной медицины?
Q943	Какой аспект западной медицины не нравился китайцам?
Q944	Какие концепции лежат в основе китайской медицины?
Q945	Кто считал, что систему социальных классов Юаня не следует называть социальными классами?
Q946	Что, по мнению Мота, действительно представляла сосбой система классов Юаня?
Q947	С каким неожиданным статусом было много китайцев?
Q948	С каким неожиданным статусом было много монголов?
Q949	Где находится Кения по шкале ИВК?
Q950	Что измеряет шкала ИВК?
Q951	Какое место по шкале занимает Кения в 2012 году?
Q952	Как Кения борется с коррупцией?
Q953	Когда Кибаки и Одинга подписали соглашение о формировании правительства?
Q954	Какова была роль Одинги в правительстве?
Q955	Откуда президент назначал членов кабинета?
Q956	Как определялось, сколько из каждого лагеря будет назначено?
Q957	Как долго сохранялась эта коалиция?
Q958	Какие были результаты выборов 2007 года?
Q959	Кто решил не посещать страну в 2013 году?
Q960	Где побывал Кеньятта по приглашению президента?
Q961	Когда Обама наконец посетил Кению?
Q962	Где больше всего работает детей?
Q963	Какой процент девушек занимается проституцией в прибрежных районах Кении?
Q964	Каков возрастной диапазон большинства проституток в Кении?
Q965	Каковы некоторые из причин детского труда?
Q966	Какими видами спорта активно занимаются кенийцы?
Q967	Чем известна эта страна?
Q968	Кто доминирует в мире бега на длинные дистанции?
Q969	С какими странами конкурирует Кения в беге на длинные дистанции?
Q970	Кто является председателем МГЭИК?
Q971	Какой национальности Хёсон Ли?
Q972	Кто является заместителем председателя МГЭИК?
Q973	Кто был первым председателем МГЭИК?
Q974	Когда Пачаури подал в отставку с поста председателя МГЭИК?
Q975	Как, согласно сводному отчетеу WG I "Сводка для лиц, определяющих политику", деятельность человека связана с парниковыми газами?
Q976	Какие последствия влечет увеличение парниковых газов?
Q977	Какое количество парникового эффекта причиняет углекислый газ?
Q978	Как называется сценарий, в котором мы не меняем нашу практику создания парниковых газов?
Q979	Насколько глобальная средняя температура нижнего слоя атмосферы изменилась за последнее столетие?
Q980	В чем, по словам МГЭИК, произошла ошибка?
Q981	За что извинилась МГЭИК?
Q982	Что было источником ошибки?
Q983	В каком отчете была правильная дата?
Q984	Когда была опубликована статья, на которой основывался график "Тысячелетняя реконструкция температуры северного полушария"?
Q985	Кто написал статью, на которой основывался график "Тысячелетняя реконструкция температуры северного полушария"?
Q986	Каково краткое название "Тысячелетней реконструкции температуры северного полушария"?
Q987	Какие реконструкции поддержали информацию документа 1999 года?
Q988	Какие меры по борьбе с истощением озонового слоя были успешными?
Q989	Какие проблемы пытался решить Киотский протокол?
Q990	Чьи цели часто все еще препятствуют МГЭИК?
Q991	В какую клетку давным-давно проникли цианобактерии?
Q992	Как давно цианобактерии проникли в клетку?
Q993	Чем окружены хлоропласты?
Q994	Какая мембрана перешла от хозяина?
Q995	Что произошло, когда цианобактерии были ассимилированы?
Q996	Что означает "пластид"?
Q997	Сколько существует линий хлоропластов?
Q998	Что означает родофит?
Q999	Что значит хлоропластидан?
Q1000	В какую линию входят наземные растения?
Q1001	Как пишется хлоропластная ДНК сокращенно?
Q1002	Какой у хлоропластной ДНК синоним?
Q1003	Когда был обнаружен пластом?
Q1004	Когда был секвенирован первый пластом?
Q1005	Кто секвенировал первый пластом?
Q1006	Что показывают нам потерянные хлоропласты?
Q1007	О чем свидетельствуют переданные гены?
Q1008	Какие виды хлоропластов у диатомей?
Q1009	Какие виды хлоропластов диатомовые водоросли потеряли?
Q1010	Каковы доказательства того, что хлоропласты произошли от эндосимбиотических цианобактерий?
Q1011	Каковы неправиьные представления о внешней мембране хлоропласта?
Q1012	Как обе хлоропластные мембраны сравниваются с оригинальными двойными мембранами цианобактерии?
Q1013	Какой единственный делитель, кроме 1, может иметь простое число?
Q1014	Как называются числа больше 1, которые можно разделить на 3 и большее количество чисел?
Q1015	Какая теорема определяет основную роль простых чисел в теории чисел?
Q1016	В виде произведения чего может быть представлено любое число больше 1?
Q1017	Для чего нужно исключить 1, чтобы сохранить единственность фундаментальной теоремы?
Q1018	Как называется свойство, определяющее, является число простым или нет?
Q1019	Как называется процесс, который подтверждает простоту числа n?
Q1020	Как называется алгоритм, пригодный для удобной проверки простоты больших чисел?
Q1021	Как называется другой алгоритм, который применяется для удобного тестирования простоты больших чисел?
Q1022	Из скольких цифр состоит наибольшее известное простое число по состоянию на январь 2016 года?
Q1023	Какая  гипотеза гласит, что существует бесконечное количество простых чисел-близнецов?
Q1024	Что такое простые числа-близнецы?
Q1025	Какая гипотеза гласит, что для каждого целого положительного числа n существует бесконечное число пар последовательных простых чисел, разность между которыми равна 2n?
Q1026	Какой вид у бесконечного количества простых чисел, составляющих отдельные доводы гипотезы Шинцеля?
Q1027	Какая гипотеза гласит, что между квадратами подряд идущих простых чисел, превышающих число 2, всегда найдется хотя бы 4 простых числа?
Q1028	Что обычно означает слово «простое»?
Q1029	Каким будет простое поле для поля F, которое содержит 0 и 1?
Q1030	Каким образом можно четко определить любой узел?
Q1031	Какое дополнительное значение имеется в виду при употреблении слова «простое»?
Q1032	Что значит, когда узел считается неразложимым?
Q1033	Что происходит с нормой, когда число умножается на p?
Q1034	Во что могут переходить туда и обратно общие глобальные поля?
Q1035	Пополнение поля Q относительно чего, создает поле действительных чисел?
Q1036	Какой принцип подчеркивает важность простых чисел в теории чисел
Q1037	Что протекает между Бингеном и Бонном?
Q1038	Какое ущелье находится между Бингеном и Бонном?
Q1039	Как образовалось Рейнское ущелье?
Q1040	Как называется область со средневековыми замками возле Рейнского ущелья?
Q1041	Что протекает между Бингеном и Бонном?
Q1042	Где протекает Средний Рейн между Бингеном и Бонном?
Q1043	Чем славится Рейнское ущелье?
Q1044	Как называется участок Рейнского ущелья, признанный ЮНЕСКО?
Q1045	Как называется дельта в Нидерландах?
Q1046	Где начинается дельта в Нидерландах?
Q1047	Какое прозвище у дельты в Нидерландах?
Q1048	Когда началась последняя Ледниковая эпоха?
Q1049	Когда закончилась последняя Ледниковая эпоха?
Q1050	В каком направлении протекал Рейн во время последней холодной фазы?
Q1051	Насколько ниже был уровень Северного моря в последнюю холодную фазу по сравнению с настоящим временем?
Q1052	Помимо Северного моря и Северного пролива, что еще находилось ниже сегодняшнего уровня в последнюю холодную фазу?
Q1053	Когда началось медленное потепление в Европе с последнего Ледникового периода?
Q1054	Что происходило с мерзлым грунтом и растянутыми альпийскими ледниками?
Q1055	Куда впадала талая масса европейских ледников во время последнего Ледникового периода?
Q1056	Когда началось стремительное потепление, что способствовало росту растительности?
Q1057	Когда Европа полностью покрылась лесами и восстановилась после последнего Ледникового периода?
Q1058	Когда на Рейнскую область распространился Версальский договор?
Q1059	Когда союзники намеревались снять оккупацию Рейнской области?
Q1060	Кому был бы запрещен вход в Рейнскую область после 1935 года?
Q1061	Как полагают некоторые, чему способствовал Версальский договор?
Q1062	Когда немецкая армия вновь заняла Рейнскую область?
Q1063	Где должны были учредить избранную ассамблею в соответствии с Актом о Шотландии 1978 года?
Q1064	Какое количество шотландского электората было необходимо для проведения этого референдума?
Q1065	Какой процент голосов получила Шотландская ассамблея?
Q1066	Чем закончилась попытка создать автономную Шотландскую ассамблею в 1979 году?
Q1067	Какому проценту населения Шотландии фактически не удалось проголосовать?
Q1068	Где проводится большая часть работы парламента Шотландии?
Q1069	Какое значение имеют комитеты в парламенте Шотландии по сравнению с другими системами?
Q1070	Чем компенсируется такая огромная роль, возложенная на комитеты?
Q1071	Чем является для комитетов получение показаний от свидетелей?
Q1072	Где, кроме парламента, могут встречаться комитеты?
Q1073	Что создают для тщательного изучения частных биллей, поступающих от внешних сторон?
Q1074	Какие темы обычно являются предметом обсуждения частных биллей?
Q1075	Кто решает, как следует использовать землю или имущество?
Q1076	Какой комитет рассматривал законодательство о развитии трамвайной сети Эдинбурга?
Q1077	Как называются вопросы, выходящие за рамки законодательной компетенции Шотландского парламента?
Q1078	Могут ли рассматриваться вопросы, которые решаются в Вестминстере?
Q1079	Где решают законодательные вопросы, такие как аборты и наркополитика?
Q1080	Кем рассматривается большая часть аспектов транспортной безопасности?
Q1081	Что общего между членством парламента Шотландии с Палатой общин?
Q1082	Когда был принят Закон о гражданстве Великобритании?
Q1083	Сколько лет должно быть лицу, чтобы подать заявление на членство в парламент Шотландии?
Q1084	Члены каких организаций лишены права заседать в парламенте Шотландии в качестве избранных членов парламента?
Q1085	Какой закон устанавливает условия для оценки границ здравомыслия, которых должны придерживаться лица, желающие заседать в парламенте Шотландии?
Q1086	Какая роль, к которой стремится исламизм, превращает его в несколько спорную идею?
Q1087	Что, по мнению сторонников исламизма, отражается в их взглядах?
Q1088	Кем не может быть принята идея об аполитичности ислама?
Q1089	К чему побуждает неспособность отделить ислам от исламизма многих на Западе?
Q1090	Что стремятся отделить прогрессивные лица с умеренными взглядами?
Q1091	К какому движению относится организация «Братья-мусульмане»?
Q1092	На фоне какого типа местных органов власти весьма благоприятно выглядит дееспособность организации «Братья-мусульмане»?
Q1093	Предоставлением какого вида помощи иногородним студентам прославилась организация «Братья-мусульмане»?
Q1094	Чем ограничивается обязательство некомпетентного правительства в вопросах социальной справедливости?
Q1095	По какой причине организация «Братья-мусульмане» способствовала проведению недорогих массовых свадебных церемоний?
Q1096	Что изучал Икбал в Англии и Германии?
Q1097	В какую организацию вступил Икбал в Лондоне?
Q1098	Что критиковал Икбал?
Q1099	В каком году вернулся Икбал в Лахор?
Q1100	Какую книгу опубликовали на основе семи лекций Икбала на английском языке?
Q1101	Какой режим господствовал в Судане в течение многих лет?
Q1102	Кто был лидером исламистского режима в Судане?
Q1103	Членов какой организации пригласил генерал Джафар Нимейри на службу в своем правительстве?
Q1104	Как построил Тураби крепкую экономическую основу?
Q1105	Куда устраивал Тураби близких по духу студентов?
Q1106	Какой группировкой является «Исламское государство»?
Q1107	Кто возглавляет «Исламское государство»?
Q1108	Сколько человек занимало территорию, контролируемую «Исламским государством», по состоянию на март 2015 года?
Q1109	Чего не хватает «Исламскому государству» со стороны международного сообщества?
Q1110	Чем себя провозгласило «Исламское государство» в 2014 году?
Q1111	Где родился Фридрих Ратцель?
Q1112	Где родился Хэлфорд Маккиндер?
Q1113	В какой географической дисциплине прославились Хэлфорд Маккиндер и Фридрих Ратцель?
Q1114	Чем, по мнению Фридриха Ратцеля, являлся империализм для страны?
Q1115	Каким образом европейские географические общества поддерживали путешественников?
Q1116	Что с точки зрения теории ориентализма создали европейцы, описывая Восток?
Q1117	Как в ранних западных текстах о Востоке описываются восточные жители?
Q1118	Чем, по мнению Запада, являлся Восток?
Q1119	Что использовал Запад для оправдания контроля над восточными территориями?
Q1120	Каким Запад представлялся себе по сравнению с Востоком?
Q1121	Как называется влияние империализма на социальные нормы другого государства?
Q1122	Как нередко называют культурный империализм?
Q1123	Какое американское телешоу изменило представления румынских граждан во времена холодной войны?
Q1124	Какая империя в истории человечества использовала культурный империализм для свержения местных элит?
Q1125	Как различные режимы борются с культурным империализмом?
Q1126	Ведутся споры о взаимосвязи между капитализмом, империализмом и каким третьим элементом?
Q1127	Когда военно-политический комплекс стал рассматриваться в контексте осмысления империализма?
Q1128	Какой период деятельности Йозефа Шумпетера и Нормана Энджелла был наиболее плодотворным?
Q1129	Чем, по мнению Гобсона, являлся империализм для мира?
Q1130	Как Гобсон предлагал избавить мир от империализма?
Q1131	В каком году Франция установила контроль над Алжиром?
Q1132	Когда Франция всерьез занялась восстановлением своей мировой империи?
Q1133	Какую религию французы распространяли наряду с империализмом?
Q1134	Где Франция сосредоточила свои усилия по восстановлению империи?
Q1135	Когда французские республиканцы поддержали расширение империи Франции?
Q1136	Когда возникло движение, впоследствии выросшее в Объединенную методистскую церковь?
Q1137	Где возникло движение, впоследствии выросшее в Объединенную методистскую церковь?
Q1138	Почему группу студентов называли «методистами»?
Q1139	Какая рабочая группа была организована в поддержку запрета абортов?
Q1140	В каком году была предпринята попытка вывести ОМЦ из состава Религиозной коалиции за репродуктивный выбор?
Q1141	Кто возглавляет Рабочую группу объединенных методистов по проблемам абортов и сексуальности?
Q1142	Какое движение традиционно поддерживает Методистская церковь?
Q1143	Когда Генеральный совет и Общество ОМЦ призвало всех прихожан-методистов воздержаться от употребления спиртных напитков в честь Великого поста?
Q1144	Как называлась знаменитая проповедь Джона Уэсли, в которой он предостерегал об опасностях пьянства?
Q1145	Что Объединенная методистская церковь использует для проведения таинства Святого Причастия?
Q1146	Против чего выступает ОМЦ, поскольку это несовместимо с учением Священного Писания?
Q1147	По утверждению Церкви, как христиане они понимают, что ни один из каких путей не может быть праведным перед Богом?
Q1148	Что отказываются делать по соображениям религиозных или других убеждений люди, которых поддерживает Церковь?
Q1149	Кто рукоположил в сан первых методистских священников?
Q1150	Какую функцию обычно выполняют священнослужители в местных религиозных общинах?
Q1151	В каком событии принимают участие все пресвитеры в полном отношении?
Q1152	В каком событии принимают участие все дьяконы в полном отношении?
Q1153	Какой период времени охватывает Семилетняя война?
Q1154	Как долго длились бои в Семилетней войне?
Q1155	Когда был захвачен Монреаль?
Q1156	Какая битва была первый в 1754 году?
Q1157	Каким было соотношение британских и французских поселенцев?
Q1158	Где жили британские поселенцы?
Q1159	Где было сосредоточено население колоний?
Q1160	Сколько людей Дюкен отправил освобождать Сен-Пьер?
Q1161	Когда англичане под руководством Уильяма Трента начали строить форт?
Q1162	Как в итоге назвали строящийся форт?
Q1163	Что сделал Вашингтон, узнав о том, что поблизости расположилась группа французских разведчиков?
Q1164	Сколько человек погибло в сражении?
Q1165	Почему Танагриссон поддержал британцев?
Q1166	Кто был назначен заместителем командующего лорда Лаудона в 1756 году?
Q1167	Кто руководил подкреплением, отправленным в Новую Францию в 1756 году?
Q1168	Когда Англия официально объявила войну Франции?
Q1169	Кто первым рассмотрел силу как философское понятие?
Q1170	Неотъемлемой частью чего являлась концепция силы?
Q1171	Из скольких элементов, по мнению Аристотеля, состоял земной шар?
Q1172	Где, с точки зрения Аристотеля, находится естественное место для элементов земли и воды?
Q1173	Как Аристотель называл вынужденное движение?
Q1174	Кто сформулировал закон всемирного тяготения?
Q1175	В каком веке появилась квантовая механика?
Q1176	Какого рода самосогласованные модели пытаются разработать физики для создания теории всего?
Q1177	Какую физическую модель не удалось построить Эйнштейну?
Q1178	Какая теория лучше всего объясняет явление гравитации?
Q1179	Какая линия в пространстве-времени считается изогнутой линией в пространстве?
Q1180	Как называется производная изменяющегося импульса объекта?
Q1181	В каком масштабе следует наблюдать искривление пространства-времени?
Q1182	Что представляет собой скорость изменения электрического заряда во времени?
Q1183	Какие магнитные и электрические силы воздействуют на заряд?
Q1184	Как называется закон, определяющий заряд, движущийся в магнитном поле?
Q1185	Какая величина может быть записана как сумма электростатической и магнитной сил?
Q1186	Что вызывает напряжение в конструкциях?
Q1187	Какая величина используется для расчета площади поперечного сечения в объеме объекта?
Q1188	Что связано с силами, направленными перпендикулярно?
Q1189	Что включает в себя компоненты давления при расчете площади в объеме?
